User_ID,Age,Gender,Platform,Daily_Usage_Time (minutes),Posts_Per_Day,Likes_Received_Per_Day,Comments_Received_Per_Day,Messages_Sent_Per_Day,Dominant_Emotion,Cluster,PCA1,PCA2
1,25,Female,Instagram,120.0,3.0,45.0,10.0,12.0,Happiness,3,-0.5425126808868094,-0.142770931366335
2,30,Male,Twitter,90.0,5.0,20.0,25.0,30.0,Anger,2,0.8413976394340348,-0.47052020582908466
3,22,Non-binary,Facebook,60.0,2.0,15.0,5.0,20.0,Neutral,0,-1.821217898354311,0.36804662134906946
4,28,Female,Instagram,200.0,8.0,100.0,30.0,50.0,Anxiety,1,5.477974781682246,0.9167546439637877
5,33,Male,LinkedIn,45.0,1.0,5.0,2.0,10.0,Boredom,0,-3.0706569214005333,-0.05353432387779196
6,21,Male,Instagram,150.0,4.0,60.0,15.0,25.0,Happiness,2,1.2235708012901363,0.5404438511499497
7,27,Female,Twitter,85.0,3.0,30.0,10.0,18.0,Anger,3,-0.8928323829691195,-0.061326478625708086
8,24,Non-binary,Facebook,110.0,6.0,25.0,12.0,22.0,Sadness,2,0.3154606908425462,-0.48533178831266377
9,29,Female,LinkedIn,55.0,2.0,10.0,3.0,8.0,Neutral,0,-2.690353672175955,-0.432346091221782
10,31,Male,Instagram,170.0,5.0,80.0,20.0,35.0,Happiness,1,2.804217966257507,0.9109839400829136
11,23,Female,Twitter,75.0,4.0,35.0,7.0,20.0,Anxiety,3,-0.7382889465030167,-0.15761681737145225
12,26,Non-binary,Facebook,95.0,3.0,20.0,10.0,18.0,Sadness,3,-0.9494250678107474,0.03972999910560437
13,34,Male,LinkedIn,65.0,1.0,12.0,4.0,15.0,Boredom,0,-2.3578618414651746,0.3989789927116189
14,22,Female,Instagram,180.0,7.0,90.0,25.0,40.0,Happiness,1,4.069402967236612,0.5442302728481214
15,28,Male,Twitter,100.0,6.0,40.0,23.0,28.0,Anger,2,1.3277267266021848,-0.7044193886188799
16,21,Non-binary,Facebook,40.0,1.0,5.0,2.0,10.0,Neutral,0,-3.128398254240589,-0.10307042165209704
17,35,Female,Instagram,125.0,4.0,55.0,18.0,30.0,Anxiety,2,1.2608991943185985,0.5002170904471075
18,27,Male,Twitter,90.0,3.0,33.0,15.0,25.0,Sadness,3,-0.16601003606335724,0.237223487647851
19,23,Non-binary,LinkedIn,50.0,1.0,8.0,3.0,12.0,Neutral,0,-2.806603036264052,0.08785039126118523
20,32,Female,Instagram,140.0,5.0,70.0,22.0,33.0,Happiness,1,2.2830918593945717,0.37541872577205226
21,26,Male,Facebook,75.0,2.0,25.0,10.0,18.0,Anxiety,3,-1.3264341207742476,0.12644871481329895
22,24,Female,Twitter,105.0,4.0,28.0,14.0,20.0,Anger,3,-0.15742358987015873,-0.2040855847969809
23,29,Male,LinkedIn,60.0,2.0,11.0,5.0,17.0,Boredom,0,-2.046039365353347,0.1562299772788009
24,33,Non-binary,Instagram,190.0,8.0,95.0,26.0,45.0,Happiness,1,4.813685978971987,0.6615093383719465
25,22,Female,Twitter,70.0,3.0,20.0,12.0,15.0,Sadness,3,-1.2927316002420046,-0.5191535185947707
26,31,Male,Facebook,80.0,2.0,18.0,8.0,21.0,Neutral,3,-1.3345456650684238,0.48857683894434517
27,27,Non-binary,LinkedIn,55.0,1.0,9.0,2.0,11.0,Anxiety,0,-2.8343470065816163,0.11561427777885375
28,25,Female,Instagram,160.0,6.0,85.0,19.0,32.0,Happiness,1,2.8001673166323973,0.3617503345460867
29,30,Male,Twitter,90.0,4.0,38.0,17.0,24.0,Anger,2,0.20150338569090412,-0.21908669220638283
30,26,Non-binary,Facebook,45.0,1.0,6.0,3.0,10.0,Sadness,0,-3.002753657068681,-0.1030290880388123
31,34,Female,LinkedIn,65.0,2.0,13.0,4.0,14.0,Boredom,0,-2.160570018478964,0.04205519761596625
32,28,Male,Instagram,145.0,5.0,75.0,20.0,35.0,Happiness,1,2.429473626796366,0.6642955923027392
33,23,Non-binary,Twitter,70.0,3.0,27.0,11.0,18.0,Neutral,3,-1.0669832573661258,-0.2586358232365627
34,21,Female,Instagram,130.0,6.0,88.0,15.0,30.0,Sadness,1,2.1985647897696516,0.11938356905421335
35,29,Male,Facebook,65.0,2.0,22.0,8.0,20.0,Anxiety,3,-1.4909366323100064,0.2683047137672326
36,24,Non-binary,LinkedIn,55.0,1.0,10.0,5.0,11.0,Boredom,0,-2.6650522836904074,-0.03247315826766691
37,33,Female,Instagram,170.0,7.0,90.0,25.0,40.0,Happiness,1,3.953920301556504,0.4451580772995112
38,27,Male,Twitter,85.0,4.0,35.0,15.0,20.0,Anger,3,-0.21724044658548253,-0.452915309364843
39,22,Female,Instagram,115.0,3.0,55.0,12.0,25.0,Neutral,2,0.34917521144570224,0.6284275635456814
40,28,Non-binary,Facebook,100.0,2.0,18.0,10.0,22.0,Anxiety,3,-0.9501917662187361,0.6589986771371817
41,31,Male,LinkedIn,45.0,1.0,6.0,2.0,9.0,Sadness,0,-3.105446495278473,-0.12460287107717873
42,25,Female,Instagram,150.0,6.0,80.0,18.0,30.0,Happiness,1,2.443957028551514,0.171226378069345
43,29,Male,Twitter,95.0,4.0,40.0,20.0,22.0,Anger,2,0.3417527586141131,-0.4595766966591015
44,23,Non-binary,Facebook,105.0,2.0,20.0,8.0,18.0,Neutral,3,-1.1674152575541452,0.5232501144359807
45,35,Female,LinkedIn,60.0,1.0,12.0,5.0,14.0,Boredom,0,-2.416904553955665,0.22927644001344727
46,30,Male,Instagram,175.0,7.0,85.0,23.0,38.0,Happiness,1,3.720238282716106,0.4525387500884344
47,21,Female,Twitter,90.0,3.0,33.0,12.0,20.0,Sadness,3,-0.5780827685529603,0.03076190057051891
48,26,Non-binary,Facebook,75.0,2.0,28.0,11.0,18.0,Anxiety,3,-1.2241157863380476,0.07655709421573807
49,32,Male,Instagram,130.0,5.0,70.0,19.0,31.0,Neutral,2,1.9115277880152015,0.28249530008945944
50,28,Female,LinkedIn,55.0,1.0,8.0,4.0,10.0,Boredom,0,-2.8021601920045467,-0.05365008486949274
51,27,Male,Instagram,165.0,6.0,78.0,22.0,27.0,Happiness,1,2.629557547295702,-0.08956417288554902
52,24,Female,Twitter,75.0,3.0,29.0,15.0,19.0,Anger,3,-0.7200468283728977,-0.3358118066886822
53,29,Non-binary,Facebook,85.0,2.0,25.0,7.0,20.0,Neutral,3,-1.2590444250729456,0.5151501561523922
54,33,Female,Instagram,145.0,4.0,60.0,18.0,35.0,Sadness,2,1.8378877455902531,1.0517199353585591
55,31,Male,LinkedIn,60.0,1.0,10.0,3.0,17.0,Anxiety,0,-2.3967197558290274,0.5408763252788374
56,22,Female,Whatsapp,70.0,2.0,40.0,8.0,21.0,Anxiety,3,-1.0714625596007108,0.3851392225937899
57,25,Male,Telegram,90.0,3.0,20.0,10.0,22.0,Boredom,3,-0.7991779649303472,0.2736743772557652
58,29,Non-binary,Snapchat,50.0,2.0,15.0,5.0,18.0,Sadness,0,-2.0406947818946475,0.12723418783822632
59,28,Female,Twitter,95.0,4.0,45.0,20.0,25.0,Happiness,2,0.5837817606653227,-0.2479584808071033
60,27,Male,Facebook,60.0,1.0,10.0,4.0,15.0,Boredom,0,-2.4500182444095766,0.34983975137385426
61,30,Female,Instagram,175.0,6.0,70.0,23.0,33.0,Happiness,1,2.970058315418781,0.3870198263531717
62,23,Male,Whatsapp,70.0,3.0,20.0,8.0,18.0,Anger,3,-1.339523190570376,-0.10935781788042079
63,34,Non-binary,Telegram,80.0,2.0,18.0,7.0,20.0,Neutral,3,-1.4372385032782156,0.46700305590597885
64,26,Female,Snapchat,120.0,4.0,50.0,15.0,30.0,Anxiety,2,0.9650329983786416,0.599562141592404
65,25,Male,Twitter,90.0,6.0,40.0,12.0,26.0,Sadness,2,0.5505968209853888,-0.40297212675947164
66,29,Non-binary,Facebook,60.0,1.0,8.0,2.0,12.0,Boredom,0,-2.741816099863622,0.23621892275254558
67,28,Male,Instagram,165.0,5.0,75.0,18.0,35.0,Happiness,1,2.5590474995972277,0.9610326552854599
68,31,Female,Whatsapp,65.0,2.0,25.0,8.0,20.0,Neutral,3,-1.4393140271534854,0.26770942911242185
69,27,Male,Telegram,105.0,3.0,45.0,15.0,28.0,Anxiety,2,0.3696957098732318,0.5960609992948729
70,22,Non-binary,Snapchat,75.0,2.0,18.0,6.0,20.0,Sadness,3,-1.5456755653979484,0.46676329407442363
71,24,Female,Instagram,140.0,4.0,60.0,18.0,30.0,Happiness,2,1.520160868099631,0.6478332426786716
72,35,Male,Twitter,70.0,1.0,12.0,7.0,10.0,Boredom,0,-2.408018865436654,-0.05372451224790881
73,21,Non-binary,Facebook,55.0,3.0,15.0,5.0,12.0,Neutral,0,-2.0628547057711244,-0.5343056761704337
74,29,Female,Whatsapp,90.0,2.0,20.0,9.0,22.0,Anger,3,-1.081955091074176,0.6088259610947813
75,25,Male,Telegram,80.0,4.0,28.0,11.0,25.0,Neutral,3,-0.33823189725889713,0.05047352906532639
76,28,Non-binary,Snapchat,115.0,3.0,36.0,12.0,27.0,Anxiety,2,0.12622626331462916,0.7739379376550491
77,32,Female,Instagram,155.0,6.0,72.0,20.0,38.0,Happiness,1,2.8814064109744453,0.6907181815532436
78,26,Male,Twitter,75.0,2.0,22.0,10.0,18.0,Sadness,3,-1.3780567259307681,0.12704399946810965
79,33,Non-binary,Facebook,65.0,1.0,12.0,5.0,14.0,Anxiety,0,-2.35916322111561,0.2788125377877522
80,27,Female,Whatsapp,90.0,4.0,35.0,14.0,20.0,Neutral,3,-0.21019484302510621,-0.35408287564778784
81,31,Male,Telegram,50.0,2.0,18.0,6.0,12.0,Sadness,0,-2.25035910103913,-0.34787814664603345
82,24,Non-binary,Snapchat,85.0,3.0,30.0,13.0,18.0,Happiness,3,-0.7407451951300852,-0.20921548645395846
83,34,Female,Instagram,120.0,5.0,55.0,19.0,25.0,Anger,2,1.2259494429718043,-0.23882118607179603
84,22,Male,Twitter,70.0,1.0,20.0,5.0,22.0,Neutral,0,-1.7477847364172565,0.8937221616648273
85,29,Non-binary,Facebook,75.0,2.0,18.0,8.0,20.0,Boredom,3,-1.444284106838592,0.3681706221889236
86,28,Female,Whatsapp,100.0,4.0,35.0,12.0,26.0,Anxiety,2,0.11587901767632862,0.2688027056730215
87,31,Male,Telegram,85.0,3.0,40.0,15.0,28.0,Sadness,2,0.0526927032521453,0.3989087492890037
88,21,Non-binary,Snapchat,60.0,1.0,15.0,5.0,12.0,Neutral,0,-2.469276166659371,0.08694091739640362
89,25,Female,Instagram,170.0,6.0,78.0,22.0,33.0,Happiness,1,2.999281533716439,0.385192638775455
90,30,Male,Twitter,70.0,2.0,28.0,10.0,20.0,Anxiety,3,-1.2285586305975535,0.21805757034641604
91,27,Non-binary,Facebook,50.0,1.0,8.0,2.0,10.0,Boredom,0,-2.9612929834039576,-0.004593510758297564
92,32,Female,Whatsapp,105.0,4.0,50.0,18.0,25.0,Anger,2,0.683910643046944,-0.05128575446434412
93,24,Male,Telegram,75.0,3.0,33.0,13.0,22.0,Neutral,3,-0.596616819933218,-0.025402490732913483
94,29,Female,Snapchat,95.0,2.0,20.0,7.0,28.0,Sadness,3,-0.8136225632127954,1.1821754446412853
95,26,Male,Instagram,150.0,5.0,65.0,20.0,30.0,Anxiety,2,2.0551540644641144,0.3614653773541643
96,33,Non-binary,Twitter,85.0,4.0,30.0,13.0,18.0,Boredom,3,-0.5086637982659347,-0.4950707343502246
97,22,Female,Facebook,70.0,1.0,12.0,5.0,10.0,Neutral,0,-2.5094103239960104,0.04486815963759147
98,35,Male,Whatsapp,110.0,3.0,45.0,20.0,25.0,Happiness,2,0.5249243623213358,0.18650506041207793
99,28,Non-binary,Telegram,60.0,2.0,15.0,6.0,18.0,Anger,0,-1.874516386934861,0.17701004744408638
100,27,Female,Snapchat,120.0,4.0,38.0,13.0,22.0,Neutral,2,0.24117424775229096,0.13357500024821511
101,25,Female,Instagram,120.0,5.0,50.0,20.0,25.0,Happiness,2,1.190607496990614,-0.287125380923195
102,30,Male,Twitter,90.0,4.0,30.0,20.0,22.0,Anger,2,0.11193607525232153,-0.5071285122507043
103,22,Non-binary,Facebook,60.0,2.0,20.0,10.0,15.0,Neutral,0,-1.7416871213456202,-0.23377779436161464
104,28,Female,Instagram,200.0,8.0,110.0,40.0,45.0,Anxiety,1,5.897021880350194,0.06745640744800155
105,33,Male,LinkedIn,45.0,1.0,10.0,5.0,12.0,Boredom,0,-2.7285378404404024,-0.06067523483516052
106,21,Male,Instagram,150.0,5.0,65.0,25.0,30.0,Happiness,1,2.3086327108625055,0.11498369764041373
107,27,Female,Twitter,85.0,3.0,40.0,18.0,20.0,Anger,3,-0.2111969803497298,-0.3159412103881785
108,24,Non-binary,Facebook,110.0,6.0,35.0,16.0,25.0,Sadness,2,0.846310285273337,-0.4718910573230172
109,29,Female,LinkedIn,55.0,2.0,15.0,5.0,10.0,Neutral,0,-2.398930320495502,-0.3901906662364004
110,31,Male,Instagram,170.0,7.0,90.0,35.0,40.0,Happiness,1,4.460877594353286,-0.047805282127990005
111,23,Female,Twitter,75.0,4.0,45.0,20.0,25.0,Anxiety,2,0.352816429305105,-0.4461028719043238
112,26,Non-binary,Facebook,95.0,3.0,30.0,14.0,18.0,Sadness,3,-0.5745668001702978,-0.15943962684809845
113,34,Male,LinkedIn,65.0,1.0,14.0,6.0,15.0,Boredom,0,-2.2220553128014706,0.2999894643895781
114,22,Female,Instagram,180.0,8.0,100.0,38.0,45.0,Happiness,1,5.3925897399088845,-0.030111029581016257
115,28,Male,Twitter,100.0,6.0,50.0,30.0,29.0,Anger,2,1.9066692910117826,-0.9806079034197165
116,21,Non-binary,Facebook,40.0,1.0,10.0,4.0,12.0,Neutral,0,-2.8369749025601356,-0.06091499666671547
117,35,Female,Instagram,125.0,5.0,65.0,22.0,28.0,Anxiety,2,1.7638446409629713,-0.12654802136509416
118,27,Male,Twitter,90.0,3.0,40.0,16.0,24.0,Sadness,3,-0.046858670348576846,0.11566803519609276
119,23,Non-binary,LinkedIn,50.0,1.0,12.0,6.0,12.0,Neutral,0,-2.585685708216323,-0.06083232944014604
120,32,Female,Instagram,140.0,6.0,75.0,28.0,30.0,Happiness,1,2.749393980407318,-0.419817035815415
121,26,Male,Facebook,75.0,2.0,30.0,14.0,20.0,Anxiety,3,-0.9336193105344388,0.07001146791318014
122,24,Female,Twitter,105.0,4.0,35.0,20.0,23.0,Anger,2,0.4231948579634671,-0.2886422410380238
123,29,Male,LinkedIn,60.0,2.0,17.0,8.0,15.0,Boredom,0,-1.8947011850614977,-0.13458983782130376
124,33,Non-binary,Instagram,190.0,8.0,105.0,36.0,50.0,Happiness,1,5.752704166941074,0.5209122916673254
125,22,Female,Twitter,70.0,3.0,25.0,16.0,15.0,Sadness,3,-1.0039110078624238,-0.7173310034571223
126,31,Male,Facebook,80.0,2.0,20.0,10.0,20.0,Neutral,3,-1.250736245334834,0.31871719164118806
127,27,Non-binary,LinkedIn,55.0,1.0,12.0,5.0,11.0,Anxiety,0,-2.6306372135860605,-0.032870014704207376
128,25,Female,Instagram,160.0,6.0,85.0,26.0,30.0,Happiness,1,3.0510432037299178,-0.12506425501539684
129,30,Male,Twitter,90.0,4.0,43.0,19.0,24.0,Anger,2,0.38893251951112906,-0.3186715051832343
130,26,Non-binary,Facebook,45.0,1.0,8.0,4.0,12.0,Sadness,0,-2.8136486398244287,-0.010982042455869971
131,34,Female,LinkedIn,65.0,2.0,17.0,5.0,14.0,Boredom,0,-2.041044148990591,-0.008034851199864815
132,28,Male,Instagram,145.0,7.0,80.0,30.0,35.0,Happiness,1,3.486631388582317,-0.4013704040086452
133,23,Non-binary,Twitter,70.0,3.0,30.0,14.0,18.0,Neutral,3,-0.8632734643705702,-0.40712011571962387
134,21,Female,Instagram,130.0,6.0,95.0,22.0,28.0,Sadness,1,2.5698934222323873,-0.3688200180351621
135,29,Male,Facebook,65.0,2.0,27.0,11.0,22.0,Anxiety,3,-1.1488175513498757,0.2611638028098639
136,24,Non-binary,LinkedIn,55.0,1.0,11.0,6.0,11.0,Boredom,0,-2.5971490193585556,-0.08196792242868728
137,33,Female,Instagram,170.0,7.0,95.0,30.0,38.0,Happiness,1,4.1894424053555355,0.05594401853217624
138,27,Male,Twitter,85.0,4.0,45.0,18.0,24.0,Anger,2,0.3149105274957438,-0.31930812345132975
139,22,Female,Instagram,115.0,3.0,60.0,17.0,30.0,Neutral,2,0.9486770777555299,0.7353043376461622
140,28,Non-binary,Facebook,100.0,2.0,22.0,12.0,25.0,Anxiety,3,-0.6239788406603438,0.77222264932195
141,31,Male,LinkedIn,45.0,1.0,9.0,4.0,10.0,Sadness,0,-2.900435322632482,-0.15292070863637308
142,25,Female,Instagram,150.0,6.0,90.0,26.0,30.0,Happiness,1,3.0215982133106776,-0.2251285916553582
143,29,Male,Twitter,95.0,4.0,50.0,22.0,22.0,Anger,2,0.6152195676952064,-0.5601536507273042
144,23,Non-binary,Facebook,105.0,2.0,25.0,12.0,18.0,Neutral,3,-0.8785946651745641,0.3250726295736292
145,35,Female,LinkedIn,60.0,1.0,15.0,7.0,14.0,Boredom,0,-2.2638904902397874,0.13008848347313623
146,30,Male,Instagram,175.0,7.0,100.0,33.0,38.0,Happiness,1,4.485308601295493,-0.04340103261312022
147,21,Female,Twitter,90.0,3.0,37.0,14.0,20.0,Sadness,3,-0.40786116978490905,-0.06862448418806226
148,26,Non-binary,Facebook,75.0,2.0,30.0,12.0,18.0,Anxiety,3,-1.1390049869540226,0.02686390183644748
149,32,Male,Instagram,130.0,5.0,80.0,28.0,31.0,Neutral,1,2.5398647020540412,-0.16315600557799392
150,28,Female,LinkedIn,55.0,1.0,12.0,6.0,10.0,Boredom,0,-2.631938593236496,-0.1530364696280739
151,27,Male,Instagram,165.0,6.0,85.0,30.0,28.0,Happiness,1,3.2075732358284568,-0.41445373897432514
152,24,Female,Twitter,75.0,3.0,33.0,18.0,19.0,Anger,3,-0.49912950032516845,-0.4844945273900135
153,29,Non-binary,Facebook,85.0,2.0,27.0,9.0,20.0,Neutral,3,-1.123237896409242,0.41616062783035146
154,33,Female,Instagram,145.0,4.0,65.0,23.0,35.0,Sadness,1,2.1774040672495127,0.8042461145534573
155,31,Male,LinkedIn,60.0,1.0,15.0,7.0,17.0,Anxiety,0,-2.1078991634494466,0.34269884041648563
156,22,Female,Whatsapp,70.0,2.0,42.0,10.0,21.0,Anxiety,3,-0.9356560309370077,0.2861496942717493
157,25,Male,Telegram,90.0,3.0,22.0,11.0,22.0,Boredom,3,-0.7140671655463215,0.2239811848764746
158,29,Non-binary,Snapchat,50.0,2.0,18.0,7.0,18.0,Sadness,0,-1.88768071817877,0.028046231297915395
159,28,Female,Twitter,95.0,4.0,48.0,22.0,25.0,Happiness,2,0.7367958243812002,-0.3471464373474141
160,27,Male,Facebook,60.0,1.0,12.0,5.0,15.0,Boredom,0,-2.364907445025551,0.3001465589945638
161,30,Female,Instagram,175.0,6.0,72.0,30.0,33.0,Happiness,1,3.359343490480876,0.04154861831738039
162,23,Male,Whatsapp,70.0,3.0,22.0,10.0,18.0,Anger,3,-1.2037166619066726,-0.2083473462024614
163,34,Non-binary,Telegram,80.0,2.0,21.0,8.0,20.0,Neutral,3,-1.3349201688420165,0.41711143530841804
164,26,Female,Snapchat,120.0,4.0,55.0,18.0,30.0,Anxiety,2,1.2031578614785445,0.4506809926728024
165,25,Male,Twitter,90.0,6.0,42.0,14.0,26.0,Sadness,2,0.6864033496490923,-0.5019616550815126
166,29,Non-binary,Facebook,60.0,1.0,12.0,4.0,12.0,Boredom,0,-2.57159450109557,0.13683253799396444
167,28,Male,Instagram,165.0,5.0,78.0,23.0,35.0,Happiness,1,2.8641487511521393,0.7139556909168985
168,31,Female,Whatsapp,65.0,2.0,27.0,10.0,20.0,Neutral,3,-1.3035074984897814,0.16871990079038113
169,27,Male,Telegram,105.0,3.0,48.0,20.0,28.0,Anxiety,2,0.6747969614281436,0.3489840349263116
170,22,Non-binary,Snapchat,75.0,2.0,21.0,8.0,20.0,Sadness,3,-1.392661501682071,0.36757533753411287
171,24,Female,Instagram,140.0,4.0,65.0,22.0,30.0,Happiness,2,1.8089814604792116,0.44965575781632006
172,35,Male,Twitter,70.0,1.0,13.0,8.0,10.0,Boredom,0,-2.340115601104802,-0.103219276408929
173,21,Non-binary,Facebook,55.0,3.0,17.0,7.0,12.0,Neutral,0,-1.927048177107421,-0.6332952044924742
174,29,Female,Whatsapp,90.0,2.0,24.0,12.0,22.0,Anger,3,-0.8610377630264464,0.46014324039344995
175,25,Male,Telegram,80.0,4.0,30.0,13.0,25.0,Neutral,3,-0.20242536859519328,-0.04851599925671429
176,28,Non-binary,Snapchat,115.0,3.0,38.0,18.0,27.0,Anxiety,2,0.4648157090970455,0.4777630655620079
177,32,Female,Instagram,155.0,6.0,75.0,25.0,38.0,Happiness,1,3.186507662529358,0.44364121718468236
178,26,Male,Twitter,75.0,2.0,23.0,12.0,18.0,Sadness,3,-1.2594577323192377,0.028252899364339116
179,33,Non-binary,Facebook,65.0,1.0,13.0,7.0,14.0,Anxiety,0,-2.2405642275040796,0.1800214376839818
180,27,Female,Whatsapp,90.0,4.0,37.0,18.0,20.0,Neutral,2,0.02700314419795384,-0.5516650758553288
181,31,Male,Telegram,50.0,2.0,20.0,10.0,12.0,Sadness,0,-2.01316111381607,-0.5454603468535744
182,24,Non-binary,Snapchat,85.0,3.0,33.0,20.0,18.0,Happiness,3,-0.33425248501581684,-0.5548851227080199
183,34,Female,Instagram,120.0,5.0,60.0,25.0,25.0,Anger,2,1.6161614939107416,-0.5355913428196479
184,22,Male,Twitter,70.0,1.0,22.0,7.0,22.0,Neutral,3,-1.6119782077535527,0.7947326333427869
185,29,Non-binary,Facebook,75.0,2.0,20.0,8.0,20.0,Boredom,3,-1.409869036734245,0.36777376575238313
186,28,Female,Whatsapp,100.0,4.0,37.0,14.0,26.0,Anxiety,2,0.2516855463400323,0.16981317735098073
187,31,Male,Telegram,85.0,3.0,45.0,20.0,28.0,Sadness,2,0.39220902491140447,0.15143492848390197
188,21,Non-binary,Snapchat,60.0,1.0,18.0,7.0,12.0,Neutral,0,-2.316262102943493,-0.012247039143907276
189,25,Female,Instagram,170.0,6.0,83.0,30.0,33.0,Happiness,1,3.4908850432147323,-0.010170189857897262
190,30,Male,Twitter,70.0,2.0,30.0,12.0,20.0,Anxiety,3,-1.0927521019338498,0.11906804202437526
191,27,Non-binary,Facebook,50.0,1.0,10.0,4.0,10.0,Boredom,0,-2.825486454740254,-0.1035830390803383
192,32,Female,Whatsapp,105.0,4.0,55.0,25.0,25.0,Anger,2,1.1248184232655594,-0.39735224715494616
193,24,Male,Telegram,75.0,3.0,37.0,16.0,22.0,Neutral,3,-0.37569949188548873,-0.17408521143424474
194,29,Female,Snapchat,95.0,2.0,23.0,10.0,28.0,Sadness,3,-0.6099127702172399,1.0336911521582244
195,26,Male,Instagram,150.0,5.0,70.0,25.0,30.0,Anxiety,1,2.3946703861233742,0.1139915565490626
196,33,Non-binary,Twitter,85.0,4.0,35.0,18.0,18.0,Boredom,3,-0.1691474766066754,-0.7425445551553262
197,22,Female,Facebook,70.0,1.0,14.0,6.0,10.0,Neutral,0,-2.424299524611985,-0.004825032741699219
198,35,Male,Whatsapp,110.0,3.0,50.0,25.0,25.0,Happiness,2,0.8644406839805951,-0.06096876039302375
199,28,Non-binary,Telegram,60.0,2.0,18.0,8.0,18.0,Anger,0,-1.721502323218983,0.07782209090377548
200,27,Female,Snapchat,120.0,4.0,40.0,18.0,22.0,Neutral,2,0.5290679642550291,-0.11330353590207594
201,25,Female,Instagram,120.0,5.0,50.0,20.0,25.0,Happiness,2,1.190607496990614,-0.287125380923195
202,30,Male,Twitter,90.0,4.0,30.0,20.0,22.0,Anger,2,0.11193607525232153,-0.5071285122507043
203,22,Non-binary,Facebook,60.0,2.0,20.0,10.0,15.0,Neutral,0,-1.7416871213456202,-0.23377779436161464
204,28,Female,Instagram,200.0,8.0,110.0,40.0,45.0,Anxiety,1,5.897021880350194,0.06745640744800155
205,33,Male,LinkedIn,45.0,1.0,10.0,5.0,12.0,Boredom,0,-2.7285378404404024,-0.06067523483516052
206,21,Male,Instagram,150.0,5.0,65.0,25.0,30.0,Happiness,1,2.3086327108625055,0.11498369764041373
207,27,Female,Twitter,85.0,3.0,40.0,18.0,20.0,Anger,3,-0.2111969803497298,-0.3159412103881785
208,24,Non-binary,Facebook,110.0,6.0,35.0,16.0,25.0,Sadness,2,0.846310285273337,-0.4718910573230172
209,29,Female,LinkedIn,55.0,2.0,15.0,5.0,10.0,Neutral,0,-2.398930320495502,-0.3901906662364004
210,31,Male,Instagram,170.0,7.0,90.0,35.0,40.0,Happiness,1,4.460877594353286,-0.047805282127990005
211,23,Female,Twitter,75.0,4.0,45.0,20.0,25.0,Anxiety,2,0.352816429305105,-0.4461028719043238
212,26,Non-binary,Facebook,95.0,3.0,30.0,14.0,18.0,Sadness,3,-0.5745668001702978,-0.15943962684809845
213,34,Male,LinkedIn,65.0,1.0,14.0,6.0,15.0,Boredom,0,-2.2220553128014706,0.2999894643895781
214,22,Female,Instagram,180.0,8.0,100.0,38.0,45.0,Happiness,1,5.3925897399088845,-0.030111029581016257
215,28,Male,Twitter,100.0,6.0,50.0,30.0,29.0,Anger,2,1.9066692910117826,-0.9806079034197165
216,21,Non-binary,Facebook,40.0,1.0,10.0,4.0,12.0,Neutral,0,-2.8369749025601356,-0.06091499666671547
217,35,Female,Instagram,125.0,5.0,65.0,22.0,28.0,Anxiety,2,1.7638446409629713,-0.12654802136509416
218,27,Male,Twitter,90.0,3.0,40.0,16.0,24.0,Sadness,3,-0.046858670348576846,0.11566803519609276
219,23,Non-binary,LinkedIn,50.0,1.0,12.0,6.0,12.0,Neutral,0,-2.585685708216323,-0.06083232944014604
220,32,Female,Instagram,140.0,6.0,75.0,28.0,30.0,Happiness,1,2.749393980407318,-0.419817035815415
221,26,Male,Facebook,75.0,2.0,30.0,14.0,20.0,Anxiety,3,-0.9336193105344388,0.07001146791318014
222,24,Female,Twitter,105.0,4.0,35.0,20.0,23.0,Anger,2,0.4231948579634671,-0.2886422410380238
223,29,Male,LinkedIn,60.0,2.0,17.0,8.0,15.0,Boredom,0,-1.8947011850614977,-0.13458983782130376
224,33,Non-binary,Instagram,190.0,8.0,105.0,36.0,50.0,Happiness,1,5.752704166941074,0.5209122916673254
225,22,Female,Twitter,70.0,3.0,25.0,16.0,15.0,Sadness,3,-1.0039110078624238,-0.7173310034571223
226,31,Male,Facebook,80.0,2.0,20.0,10.0,20.0,Neutral,3,-1.250736245334834,0.31871719164118806
227,27,Non-binary,LinkedIn,55.0,1.0,12.0,5.0,11.0,Anxiety,0,-2.6306372135860605,-0.032870014704207376
228,25,Female,Instagram,160.0,6.0,85.0,26.0,30.0,Happiness,1,3.0510432037299178,-0.12506425501539684
229,30,Male,Twitter,90.0,4.0,43.0,19.0,24.0,Anger,2,0.38893251951112906,-0.3186715051832343
230,26,Non-binary,Facebook,45.0,1.0,8.0,4.0,12.0,Sadness,0,-2.8136486398244287,-0.010982042455869971
231,34,Female,LinkedIn,65.0,2.0,17.0,5.0,14.0,Boredom,0,-2.041044148990591,-0.008034851199864815
232,28,Male,Instagram,145.0,7.0,80.0,30.0,35.0,Happiness,1,3.486631388582317,-0.4013704040086452
233,23,Non-binary,Twitter,70.0,3.0,30.0,14.0,18.0,Neutral,3,-0.8632734643705702,-0.40712011571962387
234,21,Female,Instagram,130.0,6.0,95.0,22.0,28.0,Sadness,1,2.5698934222323873,-0.3688200180351621
235,29,Male,Facebook,65.0,2.0,27.0,11.0,22.0,Anxiety,3,-1.1488175513498757,0.2611638028098639
236,24,Non-binary,LinkedIn,55.0,1.0,11.0,6.0,11.0,Boredom,0,-2.5971490193585556,-0.08196792242868728
237,33,Female,Instagram,170.0,7.0,95.0,30.0,38.0,Happiness,1,4.1894424053555355,0.05594401853217624
238,27,Male,Twitter,85.0,4.0,45.0,18.0,24.0,Anger,2,0.3149105274957438,-0.31930812345132975
239,22,Female,Instagram,115.0,3.0,60.0,17.0,30.0,Neutral,2,0.9486770777555299,0.7353043376461622
240,28,Non-binary,Facebook,100.0,2.0,22.0,12.0,25.0,Anxiety,3,-0.6239788406603438,0.77222264932195
241,31,Male,LinkedIn,45.0,1.0,9.0,4.0,10.0,Sadness,0,-2.900435322632482,-0.15292070863637308
242,25,Female,Instagram,150.0,6.0,90.0,26.0,30.0,Happiness,1,3.0215982133106776,-0.2251285916553582
243,29,Male,Twitter,95.0,4.0,50.0,22.0,22.0,Anger,2,0.6152195676952064,-0.5601536507273042
244,23,Non-binary,Facebook,105.0,2.0,25.0,12.0,18.0,Neutral,3,-0.8785946651745641,0.3250726295736292
245,35,Female,LinkedIn,60.0,1.0,15.0,7.0,14.0,Boredom,0,-2.2638904902397874,0.13008848347313623
246,30,Male,Instagram,175.0,7.0,100.0,33.0,38.0,Happiness,1,4.485308601295493,-0.04340103261312022
247,21,Female,Twitter,90.0,3.0,37.0,14.0,20.0,Sadness,3,-0.40786116978490905,-0.06862448418806226
248,26,Non-binary,Facebook,75.0,2.0,30.0,12.0,18.0,Anxiety,3,-1.1390049869540226,0.02686390183644748
249,32,Male,Instagram,130.0,5.0,80.0,28.0,31.0,Neutral,1,2.5398647020540412,-0.16315600557799392
250,28,Female,LinkedIn,55.0,1.0,12.0,6.0,10.0,Boredom,0,-2.631938593236496,-0.1530364696280739
251,Male,27,Instagram,165.0,6.0,85.0,30.0,28.0,Happiness,1,3.2075732358284568,-0.41445373897432514
252,Female,24,Twitter,75.0,3.0,33.0,18.0,19.0,Anger,3,-0.49912950032516845,-0.4844945273900135
253,Non-binary,29,Facebook,85.0,2.0,27.0,9.0,20.0,Neutral,3,-1.123237896409242,0.41616062783035146
254,Female,33,Instagram,145.0,4.0,65.0,23.0,35.0,Sadness,1,2.1774040672495127,0.8042461145534573
255,Male,31,LinkedIn,60.0,1.0,15.0,7.0,17.0,Anxiety,0,-2.1078991634494466,0.34269884041648563
256,Female,22,Whatsapp,70.0,2.0,42.0,10.0,21.0,Anxiety,3,-0.9356560309370077,0.2861496942717493
257,Male,25,Telegram,90.0,3.0,22.0,11.0,22.0,Boredom,3,-0.7140671655463215,0.2239811848764746
258,Non-binary,29,Snapchat,50.0,2.0,18.0,7.0,18.0,Sadness,0,-1.88768071817877,0.028046231297915395
259,Female,28,Twitter,95.0,4.0,48.0,22.0,25.0,Happiness,2,0.7367958243812002,-0.3471464373474141
260,Male,27,Facebook,60.0,1.0,12.0,5.0,15.0,Boredom,0,-2.364907445025551,0.3001465589945638
261,Female,30,Instagram,175.0,6.0,72.0,30.0,33.0,Happiness,1,3.359343490480876,0.04154861831738039
262,Male,23,Whatsapp,70.0,3.0,22.0,10.0,18.0,Anger,3,-1.2037166619066726,-0.2083473462024614
263,Non-binary,34,Telegram,80.0,2.0,21.0,8.0,20.0,Neutral,3,-1.3349201688420165,0.41711143530841804
264,Female,26,Snapchat,120.0,4.0,55.0,18.0,30.0,Anxiety,2,1.2031578614785445,0.4506809926728024
265,Male,25,Twitter,90.0,6.0,42.0,14.0,26.0,Sadness,2,0.6864033496490923,-0.5019616550815126
266,Non-binary,29,Facebook,60.0,1.0,12.0,4.0,12.0,Boredom,0,-2.57159450109557,0.13683253799396444
267,Male,28,Instagram,165.0,5.0,78.0,23.0,35.0,Happiness,1,2.8641487511521393,0.7139556909168985
268,Female,31,Whatsapp,65.0,2.0,27.0,10.0,20.0,Neutral,3,-1.3035074984897814,0.16871990079038113
269,Male,27,Telegram,105.0,3.0,48.0,20.0,28.0,Anxiety,2,0.6747969614281436,0.3489840349263116
270,Non-binary,22,Snapchat,75.0,2.0,21.0,8.0,20.0,Sadness,3,-1.392661501682071,0.36757533753411287
271,Female,24,Instagram,140.0,4.0,65.0,22.0,30.0,Happiness,2,1.8089814604792116,0.44965575781632006
272,Male,35,Twitter,70.0,1.0,13.0,8.0,10.0,Boredom,0,-2.340115601104802,-0.103219276408929
273,Non-binary,21,Facebook,55.0,3.0,17.0,7.0,12.0,Neutral,0,-1.927048177107421,-0.6332952044924742
274,Female,29,Whatsapp,90.0,2.0,24.0,12.0,22.0,Anger,3,-0.8610377630264464,0.46014324039344995
275,Male,25,Telegram,80.0,4.0,30.0,13.0,25.0,Neutral,3,-0.20242536859519328,-0.04851599925671429
276,Non-binary,28,Snapchat,115.0,3.0,38.0,18.0,27.0,Anxiety,2,0.4648157090970455,0.4777630655620079
277,Female,32,Instagram,155.0,6.0,75.0,25.0,38.0,Happiness,1,3.186507662529358,0.44364121718468236
278,Male,26,Twitter,75.0,2.0,23.0,12.0,18.0,Sadness,3,-1.2594577323192377,0.028252899364339116
279,Non-binary,33,Facebook,65.0,1.0,13.0,7.0,14.0,Anxiety,0,-2.2405642275040796,0.1800214376839818
280,Female,27,Whatsapp,90.0,4.0,37.0,18.0,20.0,Neutral,2,0.02700314419795384,-0.5516650758553288
281,Male,31,Telegram,50.0,2.0,20.0,10.0,12.0,Sadness,0,-2.01316111381607,-0.5454603468535744
282,Non-binary,24,Snapchat,85.0,3.0,33.0,20.0,18.0,Happiness,3,-0.33425248501581684,-0.5548851227080199
283,Female,34,Instagram,120.0,5.0,60.0,25.0,25.0,Anger,2,1.6161614939107416,-0.5355913428196479
284,Male,22,Twitter,70.0,1.0,22.0,7.0,22.0,Neutral,3,-1.6119782077535527,0.7947326333427869
285,Non-binary,29,Facebook,75.0,2.0,20.0,8.0,20.0,Boredom,3,-1.409869036734245,0.36777376575238313
286,Female,28,Whatsapp,100.0,4.0,37.0,14.0,26.0,Anxiety,2,0.2516855463400323,0.16981317735098073
287,Male,31,Telegram,85.0,3.0,45.0,20.0,28.0,Sadness,2,0.39220902491140447,0.15143492848390197
288,Non-binary,21,Snapchat,60.0,1.0,18.0,7.0,12.0,Neutral,0,-2.316262102943493,-0.012247039143907276
289,25,Female,Instagram,170.0,6.0,83.0,30.0,33.0,Happiness,1,3.4908850432147323,-0.010170189857897262
290,30,Male,Twitter,70.0,2.0,30.0,12.0,20.0,Anxiety,3,-1.0927521019338498,0.11906804202437526
291,27,Non-binary,Facebook,50.0,1.0,10.0,4.0,10.0,Boredom,0,-2.825486454740254,-0.1035830390803383
292,32,Female,Whatsapp,105.0,4.0,55.0,25.0,25.0,Anger,2,1.1248184232655594,-0.39735224715494616
293,24,Male,Telegram,75.0,3.0,37.0,16.0,22.0,Neutral,3,-0.37569949188548873,-0.17408521143424474
294,29,Female,Snapchat,95.0,2.0,23.0,10.0,28.0,Sadness,3,-0.6099127702172399,1.0336911521582244
295,26,Male,Instagram,150.0,5.0,70.0,25.0,30.0,Anxiety,1,2.3946703861233742,0.1139915565490626
296,33,Non-binary,Twitter,85.0,4.0,35.0,18.0,18.0,Boredom,3,-0.1691474766066754,-0.7425445551553262
297,22,Female,Facebook,70.0,1.0,14.0,6.0,10.0,Neutral,0,-2.424299524611985,-0.004825032741699219
298,35,Male,Whatsapp,110.0,3.0,50.0,25.0,25.0,Happiness,2,0.8644406839805951,-0.06096876039302375
299,28,Non-binary,Telegram,60.0,2.0,18.0,8.0,18.0,Anger,0,-1.721502323218983,0.07782209090377548
300,27,Female,Snapchat,120.0,4.0,40.0,18.0,22.0,Neutral,2,0.5290679642550291,-0.11330353590207594
301,25,Female,Instagram,120.0,5.0,50.0,20.0,25.0,Happiness,2,1.190607496990614,-0.287125380923195
302,30,Male,Twitter,90.0,4.0,30.0,20.0,22.0,Anger,2,0.11193607525232153,-0.5071285122507043
303,22,Non-binary,Facebook,60.0,2.0,20.0,10.0,15.0,Neutral,0,-1.7416871213456202,-0.23377779436161464
304,28,Female,Instagram,200.0,8.0,110.0,40.0,45.0,Anxiety,1,5.897021880350194,0.06745640744800155
305,33,Male,LinkedIn,45.0,1.0,10.0,5.0,12.0,Boredom,0,-2.7285378404404024,-0.06067523483516052
306,21,Male,Instagram,150.0,5.0,65.0,25.0,30.0,Happiness,1,2.3086327108625055,0.11498369764041373
307,27,Female,Twitter,85.0,3.0,40.0,18.0,20.0,Anger,3,-0.2111969803497298,-0.3159412103881785
308,24,Non-binary,Facebook,110.0,6.0,35.0,16.0,25.0,Sadness,2,0.846310285273337,-0.4718910573230172
309,29,Female,LinkedIn,55.0,2.0,15.0,5.0,10.0,Neutral,0,-2.398930320495502,-0.3901906662364004
310,31,Male,Instagram,170.0,7.0,90.0,35.0,40.0,Happiness,1,4.460877594353286,-0.047805282127990005
311,23,Female,Twitter,75.0,4.0,45.0,20.0,25.0,Anxiety,2,0.352816429305105,-0.4461028719043238
312,26,Non-binary,Facebook,95.0,3.0,30.0,14.0,18.0,Sadness,3,-0.5745668001702978,-0.15943962684809845
313,34,Male,LinkedIn,65.0,1.0,14.0,6.0,15.0,Boredom,0,-2.2220553128014706,0.2999894643895781
314,22,Female,Instagram,180.0,8.0,100.0,38.0,45.0,Happiness,1,5.3925897399088845,-0.030111029581016257
315,28,Male,Twitter,100.0,6.0,50.0,30.0,29.0,Anger,2,1.9066692910117826,-0.9806079034197165
316,21,Non-binary,Facebook,40.0,1.0,10.0,4.0,12.0,Neutral,0,-2.8369749025601356,-0.06091499666671547
317,35,Female,Instagram,125.0,5.0,65.0,22.0,28.0,Anxiety,2,1.7638446409629713,-0.12654802136509416
318,27,Male,Twitter,90.0,3.0,40.0,16.0,24.0,Sadness,3,-0.046858670348576846,0.11566803519609276
319,23,Non-binary,LinkedIn,50.0,1.0,12.0,6.0,12.0,Neutral,0,-2.585685708216323,-0.06083232944014604
320,32,Female,Instagram,140.0,6.0,75.0,28.0,30.0,Happiness,1,2.749393980407318,-0.419817035815415
321,26,Male,Facebook,75.0,2.0,30.0,14.0,20.0,Anxiety,3,-0.9336193105344388,0.07001146791318014
322,24,Female,Twitter,105.0,4.0,35.0,20.0,23.0,Anger,2,0.4231948579634671,-0.2886422410380238
323,29,Male,LinkedIn,60.0,2.0,17.0,8.0,15.0,Boredom,0,-1.8947011850614977,-0.13458983782130376
324,33,Non-binary,Instagram,190.0,8.0,105.0,36.0,50.0,Happiness,1,5.752704166941074,0.5209122916673254
325,22,Female,Twitter,70.0,3.0,25.0,16.0,15.0,Sadness,3,-1.0039110078624238,-0.7173310034571223
326,31,Male,Facebook,80.0,2.0,20.0,10.0,20.0,Neutral,3,-1.250736245334834,0.31871719164118806
327,27,Non-binary,LinkedIn,55.0,1.0,12.0,5.0,11.0,Anxiety,0,-2.6306372135860605,-0.032870014704207376
328,25,Female,Instagram,160.0,6.0,85.0,26.0,30.0,Happiness,1,3.0510432037299178,-0.12506425501539684
329,30,Male,Twitter,90.0,4.0,43.0,19.0,24.0,Anger,2,0.38893251951112906,-0.3186715051832343
330,26,Non-binary,Facebook,45.0,1.0,8.0,4.0,12.0,Sadness,0,-2.8136486398244287,-0.010982042455869971
331,34,Female,LinkedIn,65.0,2.0,17.0,5.0,14.0,Boredom,0,-2.041044148990591,-0.008034851199864815
332,28,Male,Instagram,145.0,7.0,80.0,30.0,35.0,Happiness,1,3.486631388582317,-0.4013704040086452
333,23,Non-binary,Twitter,70.0,3.0,30.0,14.0,18.0,Neutral,3,-0.8632734643705702,-0.40712011571962387
334,21,Female,Instagram,130.0,6.0,95.0,22.0,28.0,Sadness,1,2.5698934222323873,-0.3688200180351621
335,29,Male,Facebook,65.0,2.0,27.0,11.0,22.0,Anxiety,3,-1.1488175513498757,0.2611638028098639
336,24,Non-binary,LinkedIn,55.0,1.0,11.0,6.0,11.0,Boredom,0,-2.5971490193585556,-0.08196792242868728
337,33,Female,Instagram,170.0,7.0,95.0,30.0,38.0,Happiness,1,4.1894424053555355,0.05594401853217624
338,27,Male,Twitter,85.0,4.0,45.0,18.0,24.0,Anger,2,0.3149105274957438,-0.31930812345132975
339,22,Female,Instagram,115.0,3.0,60.0,17.0,30.0,Neutral,2,0.9486770777555299,0.7353043376461622
340,28,Non-binary,Facebook,100.0,2.0,22.0,12.0,25.0,Anxiety,3,-0.6239788406603438,0.77222264932195
341,31,Male,LinkedIn,45.0,1.0,9.0,4.0,10.0,Sadness,0,-2.900435322632482,-0.15292070863637308
342,25,Female,Instagram,150.0,6.0,90.0,26.0,30.0,Happiness,1,3.0215982133106776,-0.2251285916553582
343,29,Male,Twitter,95.0,4.0,50.0,22.0,22.0,Anger,2,0.6152195676952064,-0.5601536507273042
344,23,Non-binary,Facebook,105.0,2.0,25.0,12.0,18.0,Neutral,3,-0.8785946651745641,0.3250726295736292
345,35,Female,LinkedIn,60.0,1.0,15.0,7.0,14.0,Boredom,0,-2.2638904902397874,0.13008848347313623
346,30,Male,Instagram,175.0,7.0,100.0,33.0,38.0,Happiness,1,4.485308601295493,-0.04340103261312022
347,21,Female,Twitter,90.0,3.0,37.0,14.0,20.0,Sadness,3,-0.40786116978490905,-0.06862448418806226
348,26,Non-binary,Facebook,75.0,2.0,30.0,12.0,18.0,Anxiety,3,-1.1390049869540226,0.02686390183644748
349,32,Male,Instagram,130.0,5.0,80.0,28.0,31.0,Neutral,1,2.5398647020540412,-0.16315600557799392
350,28,Female,LinkedIn,55.0,1.0,12.0,6.0,10.0,Boredom,0,-2.631938593236496,-0.1530364696280739
351,27,Male,Instagram,165.0,6.0,85.0,30.0,28.0,Happiness,1,3.2075732358284568,-0.41445373897432514
352,24,Female,Twitter,75.0,3.0,33.0,18.0,19.0,Anger,3,-0.49912950032516845,-0.4844945273900135
353,29,Non-binary,Facebook,85.0,2.0,27.0,9.0,20.0,Neutral,3,-1.123237896409242,0.41616062783035146
354,33,Female,Instagram,145.0,4.0,65.0,23.0,35.0,Sadness,1,2.1774040672495127,0.8042461145534573
355,31,Male,LinkedIn,60.0,1.0,15.0,7.0,17.0,Anxiety,0,-2.1078991634494466,0.34269884041648563
356,22,Female,Whatsapp,70.0,2.0,42.0,10.0,21.0,Anxiety,3,-0.9356560309370077,0.2861496942717493
357,25,Male,Telegram,90.0,3.0,22.0,11.0,22.0,Boredom,3,-0.7140671655463215,0.2239811848764746
358,29,Non-binary,Snapchat,50.0,2.0,18.0,7.0,18.0,Sadness,0,-1.88768071817877,0.028046231297915395
359,28,Female,Twitter,95.0,4.0,48.0,22.0,25.0,Happiness,2,0.7367958243812002,-0.3471464373474141
360,27,Male,Facebook,60.0,1.0,12.0,5.0,15.0,Boredom,0,-2.364907445025551,0.3001465589945638
361,30,Female,Instagram,175.0,6.0,72.0,30.0,33.0,Happiness,1,3.359343490480876,0.04154861831738039
362,23,Male,Whatsapp,70.0,3.0,22.0,10.0,18.0,Anger,3,-1.2037166619066726,-0.2083473462024614
363,34,Non-binary,Telegram,80.0,2.0,21.0,8.0,20.0,Neutral,3,-1.3349201688420165,0.41711143530841804
364,26,Female,Snapchat,120.0,4.0,55.0,18.0,30.0,Anxiety,2,1.2031578614785445,0.4506809926728024
365,25,Male,Twitter,90.0,6.0,42.0,14.0,26.0,Sadness,2,0.6864033496490923,-0.5019616550815126
366,29,Non-binary,Facebook,60.0,1.0,12.0,4.0,12.0,Boredom,0,-2.57159450109557,0.13683253799396444
367,28,Male,Instagram,165.0,5.0,78.0,23.0,35.0,Happiness,1,2.8641487511521393,0.7139556909168985
368,31,Female,Whatsapp,65.0,2.0,27.0,10.0,20.0,Neutral,3,-1.3035074984897814,0.16871990079038113
369,27,Male,Telegram,105.0,3.0,48.0,20.0,28.0,Anxiety,2,0.6747969614281436,0.3489840349263116
370,22,Non-binary,Snapchat,75.0,2.0,21.0,8.0,20.0,Sadness,3,-1.392661501682071,0.36757533753411287
371,24,Female,Instagram,140.0,4.0,65.0,22.0,30.0,Happiness,2,1.8089814604792116,0.44965575781632006
372,35,Male,Twitter,70.0,1.0,13.0,8.0,10.0,Boredom,0,-2.340115601104802,-0.103219276408929
373,21,Non-binary,Facebook,55.0,3.0,17.0,7.0,12.0,Neutral,0,-1.927048177107421,-0.6332952044924742
374,29,Female,Whatsapp,90.0,2.0,24.0,12.0,22.0,Anger,3,-0.8610377630264464,0.46014324039344995
375,25,Male,Telegram,80.0,4.0,30.0,13.0,25.0,Neutral,3,-0.20242536859519328,-0.04851599925671429
376,28,Non-binary,Snapchat,115.0,3.0,38.0,18.0,27.0,Anxiety,2,0.4648157090970455,0.4777630655620079
377,32,Female,Instagram,155.0,6.0,75.0,25.0,38.0,Happiness,1,3.186507662529358,0.44364121718468236
378,26,Male,Twitter,75.0,2.0,23.0,12.0,18.0,Sadness,3,-1.2594577323192377,0.028252899364339116
379,33,Non-binary,Facebook,65.0,1.0,13.0,7.0,14.0,Anxiety,0,-2.2405642275040796,0.1800214376839818
380,27,Female,Whatsapp,90.0,4.0,37.0,18.0,20.0,Neutral,2,0.02700314419795384,-0.5516650758553288
381,31,Male,Telegram,50.0,2.0,20.0,10.0,12.0,Sadness,0,-2.01316111381607,-0.5454603468535744
382,24,Non-binary,Snapchat,85.0,3.0,33.0,20.0,18.0,Happiness,3,-0.33425248501581684,-0.5548851227080199
383,34,Female,Instagram,120.0,5.0,60.0,25.0,25.0,Anger,2,1.6161614939107416,-0.5355913428196479
384,22,Male,Twitter,70.0,1.0,22.0,7.0,22.0,Neutral,3,-1.6119782077535527,0.7947326333427869
385,29,Non-binary,Facebook,75.0,2.0,20.0,8.0,20.0,Boredom,3,-1.409869036734245,0.36777376575238313
386,28,Female,Whatsapp,100.0,4.0,37.0,14.0,26.0,Anxiety,2,0.2516855463400323,0.16981317735098073
387,31,Male,Telegram,85.0,3.0,45.0,20.0,28.0,Sadness,2,0.39220902491140447,0.15143492848390197
388,21,Non-binary,Snapchat,60.0,1.0,18.0,7.0,12.0,Neutral,0,-2.316262102943493,-0.012247039143907276
389,25,Female,Instagram,170.0,6.0,83.0,30.0,33.0,Happiness,1,3.4908850432147323,-0.010170189857897262
390,30,Male,Twitter,70.0,2.0,30.0,12.0,20.0,Anxiety,3,-1.0927521019338498,0.11906804202437526
391,27,Non-binary,Facebook,50.0,1.0,10.0,4.0,10.0,Boredom,0,-2.825486454740254,-0.1035830390803383
392,32,Female,Whatsapp,105.0,4.0,55.0,25.0,25.0,Anger,2,1.1248184232655594,-0.39735224715494616
393,24,Male,Telegram,75.0,3.0,37.0,16.0,22.0,Neutral,3,-0.37569949188548873,-0.17408521143424474
394,29,Female,Snapchat,95.0,2.0,23.0,10.0,28.0,Sadness,3,-0.6099127702172399,1.0336911521582244
395,26,Male,Instagram,150.0,5.0,70.0,25.0,30.0,Anxiety,1,2.3946703861233742,0.1139915565490626
396,33,Non-binary,Twitter,85.0,4.0,35.0,18.0,18.0,Boredom,3,-0.1691474766066754,-0.7425445551553262
397,22,Female,Facebook,70.0,1.0,14.0,6.0,10.0,Neutral,0,-2.424299524611985,-0.004825032741699219
398,35,Male,Whatsapp,110.0,3.0,50.0,25.0,25.0,Happiness,2,0.8644406839805951,-0.06096876039302375
399,28,Non-binary,Telegram,60.0,2.0,18.0,8.0,18.0,Anger,0,-1.721502323218983,0.07782209090377548
400,27,Female,Snapchat,120.0,4.0,40.0,18.0,22.0,Neutral,2,0.5290679642550291,-0.11330353590207594
401,25,Female,Instagram,120.0,5.0,50.0,20.0,25.0,Happiness,2,1.190607496990614,-0.287125380923195
402,30,Male,Twitter,90.0,4.0,30.0,20.0,22.0,Anger,2,0.11193607525232153,-0.5071285122507043
403,22,Non-binary,Facebook,60.0,2.0,20.0,10.0,15.0,Neutral,0,-1.7416871213456202,-0.23377779436161464
404,28,Female,Instagram,200.0,8.0,110.0,40.0,45.0,Anxiety,1,5.897021880350194,0.06745640744800155
405,33,Male,LinkedIn,45.0,1.0,10.0,5.0,12.0,Boredom,0,-2.7285378404404024,-0.06067523483516052
406,21,Male,Instagram,150.0,5.0,65.0,25.0,30.0,Happiness,1,2.3086327108625055,0.11498369764041373
407,27,Female,Twitter,85.0,3.0,40.0,18.0,20.0,Anger,3,-0.2111969803497298,-0.3159412103881785
408,24,Non-binary,Facebook,110.0,6.0,35.0,16.0,25.0,Sadness,2,0.846310285273337,-0.4718910573230172
409,29,Female,LinkedIn,55.0,2.0,15.0,5.0,10.0,Neutral,0,-2.398930320495502,-0.3901906662364004
410,31,Male,Instagram,170.0,7.0,90.0,35.0,40.0,Happiness,1,4.460877594353286,-0.047805282127990005
411,23,Female,Twitter,75.0,4.0,45.0,20.0,25.0,Anxiety,2,0.352816429305105,-0.4461028719043238
412,26,Non-binary,Facebook,95.0,3.0,30.0,14.0,18.0,Sadness,3,-0.5745668001702978,-0.15943962684809845
413,34,Male,LinkedIn,65.0,1.0,14.0,6.0,15.0,Boredom,0,-2.2220553128014706,0.2999894643895781
414,22,Female,Instagram,180.0,8.0,100.0,38.0,45.0,Happiness,1,5.3925897399088845,-0.030111029581016257
415,28,Male,Twitter,100.0,6.0,50.0,30.0,29.0,Anger,2,1.9066692910117826,-0.9806079034197165
416,21,Non-binary,Facebook,40.0,1.0,10.0,4.0,12.0,Neutral,0,-2.8369749025601356,-0.06091499666671547
417,35,Female,Instagram,125.0,5.0,65.0,22.0,28.0,Anxiety,2,1.7638446409629713,-0.12654802136509416
418,27,Male,Twitter,90.0,3.0,40.0,16.0,24.0,Sadness,3,-0.046858670348576846,0.11566803519609276
419,23,Non-binary,LinkedIn,50.0,1.0,12.0,6.0,12.0,Neutral,0,-2.585685708216323,-0.06083232944014604
420,32,Female,Instagram,140.0,6.0,75.0,28.0,30.0,Happiness,1,2.749393980407318,-0.419817035815415
421,26,Male,Facebook,75.0,2.0,30.0,14.0,20.0,Anxiety,3,-0.9336193105344388,0.07001146791318014
422,24,Female,Twitter,105.0,4.0,35.0,20.0,23.0,Anger,2,0.4231948579634671,-0.2886422410380238
423,29,Male,LinkedIn,60.0,2.0,17.0,8.0,15.0,Boredom,0,-1.8947011850614977,-0.13458983782130376
424,33,Non-binary,Instagram,190.0,8.0,105.0,36.0,50.0,Happiness,1,5.752704166941074,0.5209122916673254
425,22,Female,Twitter,70.0,3.0,25.0,16.0,15.0,Sadness,3,-1.0039110078624238,-0.7173310034571223
426,31,Male,Facebook,80.0,2.0,20.0,10.0,20.0,Neutral,3,-1.250736245334834,0.31871719164118806
427,27,Non-binary,LinkedIn,55.0,1.0,12.0,5.0,11.0,Anxiety,0,-2.6306372135860605,-0.032870014704207376
428,25,Female,Instagram,160.0,6.0,85.0,26.0,30.0,Happiness,1,3.0510432037299178,-0.12506425501539684
429,30,Male,Twitter,90.0,4.0,43.0,19.0,24.0,Anger,2,0.38893251951112906,-0.3186715051832343
430,26,Non-binary,Facebook,45.0,1.0,8.0,4.0,12.0,Sadness,0,-2.8136486398244287,-0.010982042455869971
431,34,Female,LinkedIn,65.0,2.0,17.0,5.0,14.0,Boredom,0,-2.041044148990591,-0.008034851199864815
432,28,Male,Instagram,145.0,7.0,80.0,30.0,35.0,Happiness,1,3.486631388582317,-0.4013704040086452
433,23,Non-binary,Twitter,70.0,3.0,30.0,14.0,18.0,Neutral,3,-0.8632734643705702,-0.40712011571962387
434,21,Female,Instagram,130.0,6.0,95.0,22.0,28.0,Sadness,1,2.5698934222323873,-0.3688200180351621
435,29,Male,Facebook,65.0,2.0,27.0,11.0,22.0,Anxiety,3,-1.1488175513498757,0.2611638028098639
436,24,Non-binary,LinkedIn,55.0,1.0,11.0,6.0,11.0,Boredom,0,-2.5971490193585556,-0.08196792242868728
437,33,Female,Instagram,170.0,7.0,95.0,30.0,38.0,Happiness,1,4.1894424053555355,0.05594401853217624
438,27,Male,Twitter,85.0,4.0,45.0,18.0,24.0,Anger,2,0.3149105274957438,-0.31930812345132975
439,22,Female,Instagram,115.0,3.0,60.0,17.0,30.0,Neutral,2,0.9486770777555299,0.7353043376461622
440,28,Non-binary,Facebook,100.0,2.0,22.0,12.0,25.0,Anxiety,3,-0.6239788406603438,0.77222264932195
441,31,Male,LinkedIn,45.0,1.0,9.0,4.0,10.0,Sadness,0,-2.900435322632482,-0.15292070863637308
442,25,Female,Instagram,150.0,6.0,90.0,26.0,30.0,Happiness,1,3.0215982133106776,-0.2251285916553582
443,29,Male,Twitter,95.0,4.0,50.0,22.0,22.0,Anger,2,0.6152195676952064,-0.5601536507273042
444,23,Non-binary,Facebook,105.0,2.0,25.0,12.0,18.0,Neutral,3,-0.8785946651745641,0.3250726295736292
445,35,Female,LinkedIn,60.0,1.0,15.0,7.0,14.0,Boredom,0,-2.2638904902397874,0.13008848347313623
446,30,Male,Instagram,175.0,7.0,100.0,33.0,38.0,Happiness,1,4.485308601295493,-0.04340103261312022
447,21,Female,Twitter,90.0,3.0,37.0,14.0,20.0,Sadness,3,-0.40786116978490905,-0.06862448418806226
448,26,Non-binary,Facebook,75.0,2.0,30.0,12.0,18.0,Anxiety,3,-1.1390049869540226,0.02686390183644748
449,32,Male,Instagram,130.0,5.0,80.0,28.0,31.0,Neutral,1,2.5398647020540412,-0.16315600557799392
450,28,Female,LinkedIn,55.0,1.0,12.0,6.0,10.0,Boredom,0,-2.631938593236496,-0.1530364696280739
451,27,Male,Instagram,165.0,6.0,85.0,30.0,28.0,Happiness,1,3.2075732358284568,-0.41445373897432514
452,24,Female,Twitter,75.0,3.0,33.0,18.0,19.0,Anger,3,-0.49912950032516845,-0.4844945273900135
453,29,Non-binary,Facebook,85.0,2.0,27.0,9.0,20.0,Neutral,3,-1.123237896409242,0.41616062783035146
454,33,Female,Instagram,145.0,4.0,65.0,23.0,35.0,Sadness,1,2.1774040672495127,0.8042461145534573
455,31,Male,LinkedIn,60.0,1.0,15.0,7.0,17.0,Anxiety,0,-2.1078991634494466,0.34269884041648563
456,22,Female,Whatsapp,70.0,2.0,42.0,10.0,21.0,Anxiety,3,-0.9356560309370077,0.2861496942717493
457,25,Male,Telegram,90.0,3.0,22.0,11.0,22.0,Boredom,3,-0.7140671655463215,0.2239811848764746
458,29,Non-binary,Snapchat,50.0,2.0,18.0,7.0,18.0,Sadness,0,-1.88768071817877,0.028046231297915395
459,28,Female,Twitter,95.0,4.0,48.0,22.0,25.0,Happiness,2,0.7367958243812002,-0.3471464373474141
460,27,Male,Facebook,60.0,1.0,12.0,5.0,15.0,Boredom,0,-2.364907445025551,0.3001465589945638
461,30,Female,Instagram,175.0,6.0,72.0,30.0,33.0,Happiness,1,3.359343490480876,0.04154861831738039
462,23,Male,Whatsapp,70.0,3.0,22.0,10.0,18.0,Anger,3,-1.2037166619066726,-0.2083473462024614
463,34,Non-binary,Telegram,80.0,2.0,21.0,8.0,20.0,Neutral,3,-1.3349201688420165,0.41711143530841804
464,26,Female,Snapchat,120.0,4.0,55.0,18.0,30.0,Anxiety,2,1.2031578614785445,0.4506809926728024
465,25,Male,Twitter,90.0,6.0,42.0,14.0,26.0,Sadness,2,0.6864033496490923,-0.5019616550815126
466,29,Non-binary,Facebook,60.0,1.0,12.0,4.0,12.0,Boredom,0,-2.57159450109557,0.13683253799396444
467,28,Male,Instagram,165.0,5.0,78.0,23.0,35.0,Happiness,1,2.8641487511521393,0.7139556909168985
468,31,Female,Whatsapp,65.0,2.0,27.0,10.0,20.0,Neutral,3,-1.3035074984897814,0.16871990079038113
469,27,Male,Telegram,105.0,3.0,48.0,20.0,28.0,Anxiety,2,0.6747969614281436,0.3489840349263116
470,22,Non-binary,Snapchat,75.0,2.0,21.0,8.0,20.0,Sadness,3,-1.392661501682071,0.36757533753411287
471,24,Female,Instagram,140.0,4.0,65.0,22.0,30.0,Happiness,2,1.8089814604792116,0.44965575781632006
472,35,Male,Twitter,70.0,1.0,13.0,8.0,10.0,Boredom,0,-2.340115601104802,-0.103219276408929
473,21,Non-binary,Facebook,55.0,3.0,17.0,7.0,12.0,Neutral,0,-1.927048177107421,-0.6332952044924742
474,29,Female,Whatsapp,90.0,2.0,24.0,12.0,22.0,Anger,3,-0.8610377630264464,0.46014324039344995
475,25,Male,Telegram,80.0,4.0,30.0,13.0,25.0,Neutral,3,-0.20242536859519328,-0.04851599925671429
476,28,Non-binary,Snapchat,115.0,3.0,38.0,18.0,27.0,Anxiety,2,0.4648157090970455,0.4777630655620079
477,32,Female,Instagram,155.0,6.0,75.0,25.0,38.0,Happiness,1,3.186507662529358,0.44364121718468236
478,26,Male,Twitter,75.0,2.0,23.0,12.0,18.0,Sadness,3,-1.2594577323192377,0.028252899364339116
479,33,Non-binary,Facebook,65.0,1.0,13.0,7.0,14.0,Anxiety,0,-2.2405642275040796,0.1800214376839818
480,27,Female,Whatsapp,90.0,4.0,37.0,18.0,20.0,Neutral,2,0.02700314419795384,-0.5516650758553288
481,31,Male,Telegram,50.0,2.0,20.0,10.0,12.0,Sadness,0,-2.01316111381607,-0.5454603468535744
482,24,Non-binary,Snapchat,85.0,3.0,33.0,20.0,18.0,Happiness,3,-0.33425248501581684,-0.5548851227080199
483,34,Female,Instagram,120.0,5.0,60.0,25.0,25.0,Anger,2,1.6161614939107416,-0.5355913428196479
484,22,Male,Twitter,70.0,1.0,22.0,7.0,22.0,Neutral,3,-1.6119782077535527,0.7947326333427869
485,29,Non-binary,Facebook,75.0,2.0,20.0,8.0,20.0,Boredom,3,-1.409869036734245,0.36777376575238313
486,28,Female,Whatsapp,100.0,4.0,37.0,14.0,26.0,Anxiety,2,0.2516855463400323,0.16981317735098073
487,31,Male,Telegram,85.0,3.0,45.0,20.0,28.0,Sadness,2,0.39220902491140447,0.15143492848390197
488,21,Non-binary,Snapchat,60.0,1.0,18.0,7.0,12.0,Neutral,0,-2.316262102943493,-0.012247039143907276
489,25,Female,Instagram,170.0,6.0,83.0,30.0,33.0,Happiness,1,3.4908850432147323,-0.010170189857897262
490,30,Male,Twitter,70.0,2.0,30.0,12.0,20.0,Anxiety,3,-1.0927521019338498,0.11906804202437526
491,27,Non-binary,Facebook,50.0,1.0,10.0,4.0,10.0,Boredom,0,-2.825486454740254,-0.1035830390803383
492,32,Female,Whatsapp,105.0,4.0,55.0,25.0,25.0,Anger,2,1.1248184232655594,-0.39735224715494616
493,24,Male,Telegram,75.0,3.0,37.0,16.0,22.0,Neutral,3,-0.37569949188548873,-0.17408521143424474
494,29,Female,Snapchat,95.0,2.0,23.0,10.0,28.0,Sadness,3,-0.6099127702172399,1.0336911521582244
495,26,Male,Instagram,150.0,5.0,70.0,25.0,30.0,Anxiety,1,2.3946703861233742,0.1139915565490626
496,33,Non-binary,Twitter,85.0,4.0,35.0,18.0,18.0,Boredom,3,-0.1691474766066754,-0.7425445551553262
497,22,Female,Facebook,70.0,1.0,14.0,6.0,10.0,Neutral,0,-2.424299524611985,-0.004825032741699219
498,35,Male,Whatsapp,110.0,3.0,50.0,25.0,25.0,Happiness,2,0.8644406839805951,-0.06096876039302375
499,28,Non-binary,Telegram,60.0,2.0,18.0,8.0,18.0,Anger,0,-1.721502323218983,0.07782209090377548
500,27,Female,Snapchat,120.0,4.0,40.0,18.0,22.0,Neutral,2,0.5290679642550291,-0.11330353590207594
501,25,Female,Instagram,120.0,5.0,50.0,20.0,25.0,Happiness,2,1.190607496990614,-0.287125380923195
502,30,Male,Twitter,90.0,4.0,30.0,20.0,22.0,Anger,2,0.11193607525232153,-0.5071285122507043
503,22,Non-binary,Facebook,60.0,2.0,20.0,10.0,15.0,Neutral,0,-1.7416871213456202,-0.23377779436161464
504,28,Female,Instagram,200.0,8.0,110.0,40.0,45.0,Anxiety,1,5.897021880350194,0.06745640744800155
505,33,Male,LinkedIn,45.0,1.0,10.0,5.0,12.0,Boredom,0,-2.7285378404404024,-0.06067523483516052
506,21,Male,Instagram,150.0,5.0,65.0,25.0,30.0,Happiness,1,2.3086327108625055,0.11498369764041373
507,27,Female,Twitter,85.0,3.0,40.0,18.0,20.0,Anger,3,-0.2111969803497298,-0.3159412103881785
508,24,Non-binary,Facebook,110.0,6.0,35.0,16.0,25.0,Sadness,2,0.846310285273337,-0.4718910573230172
509,29,Female,LinkedIn,55.0,2.0,15.0,5.0,10.0,Neutral,0,-2.398930320495502,-0.3901906662364004
510,31,Male,Instagram,170.0,7.0,90.0,35.0,40.0,Happiness,1,4.460877594353286,-0.047805282127990005
511,23,Female,Twitter,75.0,4.0,45.0,20.0,25.0,Anxiety,2,0.352816429305105,-0.4461028719043238
512,26,Non-binary,Facebook,95.0,3.0,30.0,14.0,18.0,Sadness,3,-0.5745668001702978,-0.15943962684809845
513,34,Male,LinkedIn,65.0,1.0,14.0,6.0,15.0,Boredom,0,-2.2220553128014706,0.2999894643895781
514,22,Female,Instagram,180.0,8.0,100.0,38.0,45.0,Happiness,1,5.3925897399088845,-0.030111029581016257
515,28,Male,Twitter,100.0,6.0,50.0,30.0,29.0,Anger,2,1.9066692910117826,-0.9806079034197165
516,21,Non-binary,Facebook,40.0,1.0,10.0,4.0,12.0,Neutral,0,-2.8369749025601356,-0.06091499666671547
517,35,Female,Instagram,125.0,5.0,65.0,22.0,28.0,Anxiety,2,1.7638446409629713,-0.12654802136509416
518,27,Male,Twitter,90.0,3.0,40.0,16.0,24.0,Sadness,3,-0.046858670348576846,0.11566803519609276
519,23,Non-binary,LinkedIn,50.0,1.0,12.0,6.0,12.0,Neutral,0,-2.585685708216323,-0.06083232944014604
520,32,Female,Instagram,140.0,6.0,75.0,28.0,30.0,Happiness,1,2.749393980407318,-0.419817035815415
521,26,Male,Facebook,75.0,2.0,30.0,14.0,20.0,Anxiety,3,-0.9336193105344388,0.07001146791318014
522,24,Female,Twitter,105.0,4.0,35.0,20.0,23.0,Anger,2,0.4231948579634671,-0.2886422410380238
523,29,Male,LinkedIn,60.0,2.0,17.0,8.0,15.0,Boredom,0,-1.8947011850614977,-0.13458983782130376
524,33,Non-binary,Instagram,190.0,8.0,105.0,36.0,50.0,Happiness,1,5.752704166941074,0.5209122916673254
525,22,Female,Twitter,70.0,3.0,25.0,16.0,15.0,Sadness,3,-1.0039110078624238,-0.7173310034571223
526,31,Male,Facebook,80.0,2.0,20.0,10.0,20.0,Neutral,3,-1.250736245334834,0.31871719164118806
527,27,Non-binary,LinkedIn,55.0,1.0,12.0,5.0,11.0,Anxiety,0,-2.6306372135860605,-0.032870014704207376
528,25,Female,Instagram,160.0,6.0,85.0,26.0,30.0,Happiness,1,3.0510432037299178,-0.12506425501539684
529,30,Male,Twitter,90.0,4.0,43.0,19.0,24.0,Anger,2,0.38893251951112906,-0.3186715051832343
530,26,Non-binary,Facebook,45.0,1.0,8.0,4.0,12.0,Sadness,0,-2.8136486398244287,-0.010982042455869971
531,34,Female,LinkedIn,65.0,2.0,17.0,5.0,14.0,Boredom,0,-2.041044148990591,-0.008034851199864815
532,28,Male,Instagram,145.0,7.0,80.0,30.0,35.0,Happiness,1,3.486631388582317,-0.4013704040086452
533,23,Non-binary,Twitter,70.0,3.0,30.0,14.0,18.0,Neutral,3,-0.8632734643705702,-0.40712011571962387
534,21,Female,Instagram,130.0,6.0,95.0,22.0,28.0,Sadness,1,2.5698934222323873,-0.3688200180351621
535,29,Male,Facebook,65.0,2.0,27.0,11.0,22.0,Anxiety,3,-1.1488175513498757,0.2611638028098639
536,24,Non-binary,LinkedIn,55.0,1.0,11.0,6.0,11.0,Boredom,0,-2.5971490193585556,-0.08196792242868728
537,33,Female,Instagram,170.0,7.0,95.0,30.0,38.0,Happiness,1,4.1894424053555355,0.05594401853217624
538,27,Male,Twitter,85.0,4.0,45.0,18.0,24.0,Anger,2,0.3149105274957438,-0.31930812345132975
539,22,Female,Instagram,115.0,3.0,60.0,17.0,30.0,Neutral,2,0.9486770777555299,0.7353043376461622
540,28,Non-binary,Facebook,100.0,2.0,22.0,12.0,25.0,Anxiety,3,-0.6239788406603438,0.77222264932195
541,31,Male,LinkedIn,45.0,1.0,9.0,4.0,10.0,Sadness,0,-2.900435322632482,-0.15292070863637308
542,25,Female,Instagram,150.0,6.0,90.0,26.0,30.0,Happiness,1,3.0215982133106776,-0.2251285916553582
543,29,Male,Twitter,95.0,4.0,50.0,22.0,22.0,Anger,2,0.6152195676952064,-0.5601536507273042
544,23,Non-binary,Facebook,105.0,2.0,25.0,12.0,18.0,Neutral,3,-0.8785946651745641,0.3250726295736292
545,35,Female,LinkedIn,60.0,1.0,15.0,7.0,14.0,Boredom,0,-2.2638904902397874,0.13008848347313623
546,30,Male,Instagram,175.0,7.0,100.0,33.0,38.0,Happiness,1,4.485308601295493,-0.04340103261312022
547,21,Female,Twitter,90.0,3.0,37.0,14.0,20.0,Sadness,3,-0.40786116978490905,-0.06862448418806226
548,26,Non-binary,Facebook,75.0,2.0,30.0,12.0,18.0,Anxiety,3,-1.1390049869540226,0.02686390183644748
549,32,Male,Instagram,130.0,5.0,80.0,28.0,31.0,Neutral,1,2.5398647020540412,-0.16315600557799392
550,28,Female,LinkedIn,55.0,1.0,12.0,6.0,10.0,Boredom,0,-2.631938593236496,-0.1530364696280739
551,27,Male,Instagram,165.0,6.0,85.0,30.0,28.0,Happiness,1,3.2075732358284568,-0.41445373897432514
552,24,Female,Twitter,75.0,3.0,33.0,18.0,19.0,Anger,3,-0.49912950032516845,-0.4844945273900135
553,29,Non-binary,Facebook,85.0,2.0,27.0,9.0,20.0,Neutral,3,-1.123237896409242,0.41616062783035146
554,33,Female,Instagram,145.0,4.0,65.0,23.0,35.0,Sadness,1,2.1774040672495127,0.8042461145534573
555,31,Male,LinkedIn,60.0,1.0,15.0,7.0,17.0,Anxiety,0,-2.1078991634494466,0.34269884041648563
556,22,Female,Whatsapp,70.0,2.0,42.0,10.0,21.0,Anxiety,3,-0.9356560309370077,0.2861496942717493
557,25,Male,Telegram,90.0,3.0,22.0,11.0,22.0,Boredom,3,-0.7140671655463215,0.2239811848764746
558,29,Non-binary,Snapchat,50.0,2.0,18.0,7.0,18.0,Sadness,0,-1.88768071817877,0.028046231297915395
559,28,Female,Twitter,95.0,4.0,48.0,22.0,25.0,Happiness,2,0.7367958243812002,-0.3471464373474141
560,27,Male,Facebook,60.0,1.0,12.0,5.0,15.0,Boredom,0,-2.364907445025551,0.3001465589945638
561,30,Female,Instagram,175.0,6.0,72.0,30.0,33.0,Happiness,1,3.359343490480876,0.04154861831738039
562,23,Male,Whatsapp,70.0,3.0,22.0,10.0,18.0,Anger,3,-1.2037166619066726,-0.2083473462024614
563,34,Non-binary,Telegram,80.0,2.0,21.0,8.0,20.0,Neutral,3,-1.3349201688420165,0.41711143530841804
564,26,Female,Snapchat,120.0,4.0,55.0,18.0,30.0,Anxiety,2,1.2031578614785445,0.4506809926728024
565,25,Male,Twitter,90.0,6.0,42.0,14.0,26.0,Sadness,2,0.6864033496490923,-0.5019616550815126
566,29,Non-binary,Facebook,60.0,1.0,12.0,4.0,12.0,Boredom,0,-2.57159450109557,0.13683253799396444
567,28,Male,Instagram,165.0,5.0,78.0,23.0,35.0,Happiness,1,2.8641487511521393,0.7139556909168985
568,31,Female,Whatsapp,65.0,2.0,27.0,10.0,20.0,Neutral,3,-1.3035074984897814,0.16871990079038113
569,27,Male,Telegram,105.0,3.0,48.0,20.0,28.0,Anxiety,2,0.6747969614281436,0.3489840349263116
570,22,Non-binary,Snapchat,75.0,2.0,21.0,8.0,20.0,Sadness,3,-1.392661501682071,0.36757533753411287
571,24,Female,Instagram,140.0,4.0,65.0,22.0,30.0,Happiness,2,1.8089814604792116,0.44965575781632006
572,35,Male,Twitter,70.0,1.0,13.0,8.0,10.0,Boredom,0,-2.340115601104802,-0.103219276408929
573,21,Non-binary,Facebook,55.0,3.0,17.0,7.0,12.0,Neutral,0,-1.927048177107421,-0.6332952044924742
574,29,Female,Whatsapp,90.0,2.0,24.0,12.0,22.0,Anger,3,-0.8610377630264464,0.46014324039344995
575,25,Male,Telegram,80.0,4.0,30.0,13.0,25.0,Neutral,3,-0.20242536859519328,-0.04851599925671429
576,28,Non-binary,Snapchat,115.0,3.0,38.0,18.0,27.0,Anxiety,2,0.4648157090970455,0.4777630655620079
577,32,Female,Instagram,155.0,6.0,75.0,25.0,38.0,Happiness,1,3.186507662529358,0.44364121718468236
578,26,Male,Twitter,75.0,2.0,23.0,12.0,18.0,Sadness,3,-1.2594577323192377,0.028252899364339116
579,33,Non-binary,Facebook,65.0,1.0,13.0,7.0,14.0,Anxiety,0,-2.2405642275040796,0.1800214376839818
580,27,Female,Whatsapp,90.0,4.0,37.0,18.0,20.0,Neutral,2,0.02700314419795384,-0.5516650758553288
581,31,Male,Telegram,50.0,2.0,20.0,10.0,12.0,Sadness,0,-2.01316111381607,-0.5454603468535744
582,24,Non-binary,Snapchat,85.0,3.0,33.0,20.0,18.0,Happiness,3,-0.33425248501581684,-0.5548851227080199
583,34,Female,Instagram,120.0,5.0,60.0,25.0,25.0,Anger,2,1.6161614939107416,-0.5355913428196479
584,22,Male,Twitter,70.0,1.0,22.0,7.0,22.0,Neutral,3,-1.6119782077535527,0.7947326333427869
585,29,Non-binary,Facebook,75.0,2.0,20.0,8.0,20.0,Boredom,3,-1.409869036734245,0.36777376575238313
586,28,Female,Whatsapp,100.0,4.0,37.0,14.0,26.0,Anxiety,2,0.2516855463400323,0.16981317735098073
587,31,Male,Telegram,85.0,3.0,45.0,20.0,28.0,Sadness,2,0.39220902491140447,0.15143492848390197
588,21,Non-binary,Snapchat,60.0,1.0,18.0,7.0,12.0,Neutral,0,-2.316262102943493,-0.012247039143907276
589,25,Female,Instagram,170.0,6.0,83.0,30.0,33.0,Happiness,1,3.4908850432147323,-0.010170189857897262
590,30,Male,Twitter,70.0,2.0,30.0,12.0,20.0,Anxiety,3,-1.0927521019338498,0.11906804202437526
591,27,Non-binary,Facebook,50.0,1.0,10.0,4.0,10.0,Boredom,0,-2.825486454740254,-0.1035830390803383
592,32,Female,Whatsapp,105.0,4.0,55.0,25.0,25.0,Anger,2,1.1248184232655594,-0.39735224715494616
593,24,Male,Telegram,75.0,3.0,37.0,16.0,22.0,Neutral,3,-0.37569949188548873,-0.17408521143424474
594,29,Female,Snapchat,95.0,2.0,23.0,10.0,28.0,Sadness,3,-0.6099127702172399,1.0336911521582244
595,26,Male,Instagram,150.0,5.0,70.0,25.0,30.0,Anxiety,1,2.3946703861233742,0.1139915565490626
596,33,Non-binary,Twitter,85.0,4.0,35.0,18.0,18.0,Boredom,3,-0.1691474766066754,-0.7425445551553262
597,22,Female,Facebook,70.0,1.0,14.0,6.0,10.0,Neutral,0,-2.424299524611985,-0.004825032741699219
598,35,Male,Whatsapp,110.0,3.0,50.0,25.0,25.0,Happiness,2,0.8644406839805951,-0.06096876039302375
599,28,Non-binary,Telegram,60.0,2.0,18.0,8.0,18.0,Anger,0,-1.721502323218983,0.07782209090377548
600,27,Female,Snapchat,120.0,4.0,40.0,18.0,22.0,Neutral,2,0.5290679642550291,-0.11330353590207594
601,25,Female,Instagram,120.0,5.0,50.0,20.0,25.0,Happiness,2,1.190607496990614,-0.287125380923195
602,30,Male,Twitter,90.0,4.0,30.0,20.0,22.0,Anger,2,0.11193607525232153,-0.5071285122507043
603,22,Non-binary,Facebook,60.0,2.0,20.0,10.0,15.0,Neutral,0,-1.7416871213456202,-0.23377779436161464
604,28,Female,Instagram,200.0,8.0,110.0,40.0,45.0,Anxiety,1,5.897021880350194,0.06745640744800155
605,33,Male,LinkedIn,45.0,1.0,10.0,5.0,12.0,Boredom,0,-2.7285378404404024,-0.06067523483516052
606,21,Male,Instagram,150.0,5.0,65.0,25.0,30.0,Happiness,1,2.3086327108625055,0.11498369764041373
607,27,Female,Twitter,85.0,3.0,40.0,18.0,20.0,Anger,3,-0.2111969803497298,-0.3159412103881785
608,24,Non-binary,Facebook,110.0,6.0,35.0,16.0,25.0,Sadness,2,0.846310285273337,-0.4718910573230172
609,29,Female,LinkedIn,55.0,2.0,15.0,5.0,10.0,Neutral,0,-2.398930320495502,-0.3901906662364004
610,31,Male,Instagram,170.0,7.0,90.0,35.0,40.0,Happiness,1,4.460877594353286,-0.047805282127990005
611,23,Female,Twitter,75.0,4.0,45.0,20.0,25.0,Anxiety,2,0.352816429305105,-0.4461028719043238
612,26,Non-binary,Facebook,95.0,3.0,30.0,14.0,18.0,Sadness,3,-0.5745668001702978,-0.15943962684809845
613,34,Male,LinkedIn,65.0,1.0,14.0,6.0,15.0,Boredom,0,-2.2220553128014706,0.2999894643895781
614,22,Female,Instagram,180.0,8.0,100.0,38.0,45.0,Happiness,1,5.3925897399088845,-0.030111029581016257
615,28,Male,Twitter,100.0,6.0,50.0,30.0,29.0,Anger,2,1.9066692910117826,-0.9806079034197165
616,21,Non-binary,Facebook,40.0,1.0,10.0,4.0,12.0,Neutral,0,-2.8369749025601356,-0.06091499666671547
617,35,Female,Instagram,125.0,5.0,65.0,22.0,28.0,Anxiety,2,1.7638446409629713,-0.12654802136509416
618,27,Male,Twitter,90.0,3.0,40.0,16.0,24.0,Sadness,3,-0.046858670348576846,0.11566803519609276
619,23,Non-binary,LinkedIn,50.0,1.0,12.0,6.0,12.0,Neutral,0,-2.585685708216323,-0.06083232944014604
620,32,Female,Instagram,140.0,6.0,75.0,28.0,30.0,Happiness,1,2.749393980407318,-0.419817035815415
621,26,Male,Facebook,75.0,2.0,30.0,14.0,20.0,Anxiety,3,-0.9336193105344388,0.07001146791318014
622,24,Female,Twitter,105.0,4.0,35.0,20.0,23.0,Anger,2,0.4231948579634671,-0.2886422410380238
623,29,Male,LinkedIn,60.0,2.0,17.0,8.0,15.0,Boredom,0,-1.8947011850614977,-0.13458983782130376
624,33,Non-binary,Instagram,190.0,8.0,105.0,36.0,50.0,Happiness,1,5.752704166941074,0.5209122916673254
625,22,Female,Twitter,70.0,3.0,25.0,16.0,15.0,Sadness,3,-1.0039110078624238,-0.7173310034571223
626,31,Male,Facebook,80.0,2.0,20.0,10.0,20.0,Neutral,3,-1.250736245334834,0.31871719164118806
627,27,Non-binary,LinkedIn,55.0,1.0,12.0,5.0,11.0,Anxiety,0,-2.6306372135860605,-0.032870014704207376
628,25,Female,Instagram,160.0,6.0,85.0,26.0,30.0,Happiness,1,3.0510432037299178,-0.12506425501539684
629,30,Male,Twitter,90.0,4.0,43.0,19.0,24.0,Anger,2,0.38893251951112906,-0.3186715051832343
630,26,Non-binary,Facebook,45.0,1.0,8.0,4.0,12.0,Sadness,0,-2.8136486398244287,-0.010982042455869971
631,34,Female,LinkedIn,65.0,2.0,17.0,5.0,14.0,Boredom,0,-2.041044148990591,-0.008034851199864815
632,28,Male,Instagram,145.0,7.0,80.0,30.0,35.0,Happiness,1,3.486631388582317,-0.4013704040086452
633,23,Non-binary,Twitter,70.0,3.0,30.0,14.0,18.0,Neutral,3,-0.8632734643705702,-0.40712011571962387
634,21,Female,Instagram,130.0,6.0,95.0,22.0,28.0,Sadness,1,2.5698934222323873,-0.3688200180351621
635,29,Male,Facebook,65.0,2.0,27.0,11.0,22.0,Anxiety,3,-1.1488175513498757,0.2611638028098639
636,24,Non-binary,LinkedIn,55.0,1.0,11.0,6.0,11.0,Boredom,0,-2.5971490193585556,-0.08196792242868728
637,33,Female,Instagram,170.0,7.0,95.0,30.0,38.0,Happiness,1,4.1894424053555355,0.05594401853217624
638,27,Male,Twitter,85.0,4.0,45.0,18.0,24.0,Anger,2,0.3149105274957438,-0.31930812345132975
639,22,Female,Instagram,115.0,3.0,60.0,17.0,30.0,Neutral,2,0.9486770777555299,0.7353043376461622
640,28,Non-binary,Facebook,100.0,2.0,22.0,12.0,25.0,Anxiety,3,-0.6239788406603438,0.77222264932195
641,31,Male,LinkedIn,45.0,1.0,9.0,4.0,10.0,Sadness,0,-2.900435322632482,-0.15292070863637308
642,25,Female,Instagram,150.0,6.0,90.0,26.0,30.0,Happiness,1,3.0215982133106776,-0.2251285916553582
643,29,Male,Twitter,95.0,4.0,50.0,22.0,22.0,Anger,2,0.6152195676952064,-0.5601536507273042
644,23,Non-binary,Facebook,105.0,2.0,25.0,12.0,18.0,Neutral,3,-0.8785946651745641,0.3250726295736292
645,35,Female,LinkedIn,60.0,1.0,15.0,7.0,14.0,Boredom,0,-2.2638904902397874,0.13008848347313623
646,30,Male,Instagram,175.0,7.0,100.0,33.0,38.0,Happiness,1,4.485308601295493,-0.04340103261312022
647,21,Female,Twitter,90.0,3.0,37.0,14.0,20.0,Sadness,3,-0.40786116978490905,-0.06862448418806226
648,26,Non-binary,Facebook,75.0,2.0,30.0,12.0,18.0,Anxiety,3,-1.1390049869540226,0.02686390183644748
649,32,Male,Instagram,130.0,5.0,80.0,28.0,31.0,Neutral,1,2.5398647020540412,-0.16315600557799392
650,28,Female,LinkedIn,55.0,1.0,12.0,6.0,10.0,Boredom,0,-2.631938593236496,-0.1530364696280739
651,27,Male,Instagram,165.0,6.0,85.0,30.0,28.0,Happiness,1,3.2075732358284568,-0.41445373897432514
652,24,Female,Twitter,75.0,3.0,33.0,18.0,19.0,Anger,3,-0.49912950032516845,-0.4844945273900135
653,29,Non-binary,Facebook,85.0,2.0,27.0,9.0,20.0,Neutral,3,-1.123237896409242,0.41616062783035146
654,33,Female,Instagram,145.0,4.0,65.0,23.0,35.0,Sadness,1,2.1774040672495127,0.8042461145534573
655,31,Male,LinkedIn,60.0,1.0,15.0,7.0,17.0,Anxiety,0,-2.1078991634494466,0.34269884041648563
656,22,Female,Whatsapp,70.0,2.0,42.0,10.0,21.0,Anxiety,3,-0.9356560309370077,0.2861496942717493
657,25,Male,Telegram,90.0,3.0,22.0,11.0,22.0,Boredom,3,-0.7140671655463215,0.2239811848764746
658,29,Non-binary,Snapchat,50.0,2.0,18.0,7.0,18.0,Sadness,0,-1.88768071817877,0.028046231297915395
659,28,Female,Twitter,95.0,4.0,48.0,22.0,25.0,Happiness,2,0.7367958243812002,-0.3471464373474141
660,27,Male,Facebook,60.0,1.0,12.0,5.0,15.0,Boredom,0,-2.364907445025551,0.3001465589945638
661,30,Female,Instagram,175.0,6.0,72.0,30.0,33.0,Happiness,1,3.359343490480876,0.04154861831738039
662,23,Male,Whatsapp,70.0,3.0,22.0,10.0,18.0,Anger,3,-1.2037166619066726,-0.2083473462024614
663,34,Non-binary,Telegram,80.0,2.0,21.0,8.0,20.0,Neutral,3,-1.3349201688420165,0.41711143530841804
664,26,Female,Snapchat,120.0,4.0,55.0,18.0,30.0,Anxiety,2,1.2031578614785445,0.4506809926728024
665,25,Male,Twitter,90.0,6.0,42.0,14.0,26.0,Sadness,2,0.6864033496490923,-0.5019616550815126
666,29,Non-binary,Facebook,60.0,1.0,12.0,4.0,12.0,Boredom,0,-2.57159450109557,0.13683253799396444
667,28,Male,Instagram,165.0,5.0,78.0,23.0,35.0,Happiness,1,2.8641487511521393,0.7139556909168985
668,31,Female,Whatsapp,65.0,2.0,27.0,10.0,20.0,Neutral,3,-1.3035074984897814,0.16871990079038113
669,27,Male,Telegram,105.0,3.0,48.0,20.0,28.0,Anxiety,2,0.6747969614281436,0.3489840349263116
670,22,Non-binary,Snapchat,75.0,2.0,21.0,8.0,20.0,Sadness,3,-1.392661501682071,0.36757533753411287
671,24,Female,Instagram,140.0,4.0,65.0,22.0,30.0,Happiness,2,1.8089814604792116,0.44965575781632006
672,35,Male,Twitter,70.0,1.0,13.0,8.0,10.0,Boredom,0,-2.340115601104802,-0.103219276408929
673,21,Non-binary,Facebook,55.0,3.0,17.0,7.0,12.0,Neutral,0,-1.927048177107421,-0.6332952044924742
674,29,Female,Whatsapp,90.0,2.0,24.0,12.0,22.0,Anger,3,-0.8610377630264464,0.46014324039344995
675,25,Male,Telegram,80.0,4.0,30.0,13.0,25.0,Neutral,3,-0.20242536859519328,-0.04851599925671429
676,28,Non-binary,Snapchat,115.0,3.0,38.0,18.0,27.0,Anxiety,2,0.4648157090970455,0.4777630655620079
677,32,Female,Instagram,155.0,6.0,75.0,25.0,38.0,Happiness,1,3.186507662529358,0.44364121718468236
678,26,Male,Twitter,75.0,2.0,23.0,12.0,18.0,Sadness,3,-1.2594577323192377,0.028252899364339116
679,33,Non-binary,Facebook,65.0,1.0,13.0,7.0,14.0,Anxiety,0,-2.2405642275040796,0.1800214376839818
680,27,Female,Whatsapp,90.0,4.0,37.0,18.0,20.0,Neutral,2,0.02700314419795384,-0.5516650758553288
681,31,Male,Telegram,50.0,2.0,20.0,10.0,12.0,Sadness,0,-2.01316111381607,-0.5454603468535744
682,24,Non-binary,Snapchat,85.0,3.0,33.0,20.0,18.0,Happiness,3,-0.33425248501581684,-0.5548851227080199
683,34,Female,Instagram,120.0,5.0,60.0,25.0,25.0,Anger,2,1.6161614939107416,-0.5355913428196479
684,22,Male,Twitter,70.0,1.0,22.0,7.0,22.0,Neutral,3,-1.6119782077535527,0.7947326333427869
685,29,Non-binary,Facebook,75.0,2.0,20.0,8.0,20.0,Boredom,3,-1.409869036734245,0.36777376575238313
686,28,Female,Whatsapp,100.0,4.0,37.0,14.0,26.0,Anxiety,2,0.2516855463400323,0.16981317735098073
687,31,Male,Telegram,85.0,3.0,45.0,20.0,28.0,Sadness,2,0.39220902491140447,0.15143492848390197
688,21,Non-binary,Snapchat,60.0,1.0,18.0,7.0,12.0,Neutral,0,-2.316262102943493,-0.012247039143907276
689,25,Female,Instagram,170.0,6.0,83.0,30.0,33.0,Happiness,1,3.4908850432147323,-0.010170189857897262
690,30,Male,Twitter,70.0,2.0,30.0,12.0,20.0,Anxiety,3,-1.0927521019338498,0.11906804202437526
691,27,Non-binary,Facebook,50.0,1.0,10.0,4.0,10.0,Boredom,0,-2.825486454740254,-0.1035830390803383
692,32,Female,Whatsapp,105.0,4.0,55.0,25.0,25.0,Anger,2,1.1248184232655594,-0.39735224715494616
693,24,Male,Telegram,75.0,3.0,37.0,16.0,22.0,Neutral,3,-0.37569949188548873,-0.17408521143424474
694,29,Female,Snapchat,95.0,2.0,23.0,10.0,28.0,Sadness,3,-0.6099127702172399,1.0336911521582244
695,26,Male,Instagram,150.0,5.0,70.0,25.0,30.0,Anxiety,1,2.3946703861233742,0.1139915565490626
696,33,Non-binary,Twitter,85.0,4.0,35.0,18.0,18.0,Boredom,3,-0.1691474766066754,-0.7425445551553262
697,22,Female,Facebook,70.0,1.0,14.0,6.0,10.0,Neutral,0,-2.424299524611985,-0.004825032741699219
698,35,Male,Whatsapp,110.0,3.0,50.0,25.0,25.0,Happiness,2,0.8644406839805951,-0.06096876039302375
699,28,Non-binary,Telegram,60.0,2.0,18.0,8.0,18.0,Anger,0,-1.721502323218983,0.07782209090377548
700,27,Female,Snapchat,120.0,4.0,40.0,18.0,22.0,Neutral,2,0.5290679642550291,-0.11330353590207594
701,25,Female,Instagram,120.0,5.0,50.0,20.0,25.0,Happiness,2,1.190607496990614,-0.287125380923195
702,30,Male,Twitter,90.0,4.0,30.0,20.0,22.0,Anger,2,0.11193607525232153,-0.5071285122507043
703,22,Non-binary,Facebook,60.0,2.0,20.0,10.0,15.0,Neutral,0,-1.7416871213456202,-0.23377779436161464
704,28,Female,Instagram,200.0,8.0,110.0,40.0,45.0,Anxiety,1,5.897021880350194,0.06745640744800155
705,33,Male,LinkedIn,45.0,1.0,10.0,5.0,12.0,Boredom,0,-2.7285378404404024,-0.06067523483516052
706,21,Male,Instagram,150.0,5.0,65.0,25.0,30.0,Happiness,1,2.3086327108625055,0.11498369764041373
707,27,Female,Twitter,85.0,3.0,40.0,18.0,20.0,Anger,3,-0.2111969803497298,-0.3159412103881785
708,24,Non-binary,Facebook,110.0,6.0,35.0,16.0,25.0,Sadness,2,0.846310285273337,-0.4718910573230172
709,29,Female,LinkedIn,55.0,2.0,15.0,5.0,10.0,Neutral,0,-2.398930320495502,-0.3901906662364004
710,31,Male,Instagram,170.0,7.0,90.0,35.0,40.0,Happiness,1,4.460877594353286,-0.047805282127990005
711,23,Female,Twitter,75.0,4.0,45.0,20.0,25.0,Anxiety,2,0.352816429305105,-0.4461028719043238
712,26,Non-binary,Facebook,95.0,3.0,30.0,14.0,18.0,Sadness,3,-0.5745668001702978,-0.15943962684809845
713,34,Male,LinkedIn,65.0,1.0,14.0,6.0,15.0,Boredom,0,-2.2220553128014706,0.2999894643895781
714,22,Female,Instagram,180.0,8.0,100.0,38.0,45.0,Happiness,1,5.3925897399088845,-0.030111029581016257
715,28,Male,Twitter,100.0,6.0,50.0,30.0,29.0,Anger,2,1.9066692910117826,-0.9806079034197165
716,21,Non-binary,Facebook,40.0,1.0,10.0,4.0,12.0,Neutral,0,-2.8369749025601356,-0.06091499666671547
717,35,Female,Instagram,125.0,5.0,65.0,22.0,28.0,Anxiety,2,1.7638446409629713,-0.12654802136509416
718,27,Male,Twitter,90.0,3.0,40.0,16.0,24.0,Sadness,3,-0.046858670348576846,0.11566803519609276
719,23,Non-binary,LinkedIn,50.0,1.0,12.0,6.0,12.0,Neutral,0,-2.585685708216323,-0.06083232944014604
720,32,Female,Instagram,140.0,6.0,75.0,28.0,30.0,Happiness,1,2.749393980407318,-0.419817035815415
721,26,Male,Facebook,75.0,2.0,30.0,14.0,20.0,Anxiety,3,-0.9336193105344388,0.07001146791318014
722,24,Female,Twitter,105.0,4.0,35.0,20.0,23.0,Anger,2,0.4231948579634671,-0.2886422410380238
723,29,Male,LinkedIn,60.0,2.0,17.0,8.0,15.0,Boredom,0,-1.8947011850614977,-0.13458983782130376
724,33,Non-binary,Instagram,190.0,8.0,105.0,36.0,50.0,Happiness,1,5.752704166941074,0.5209122916673254
725,22,Female,Twitter,70.0,3.0,25.0,16.0,15.0,Sadness,3,-1.0039110078624238,-0.7173310034571223
726,31,Male,Facebook,80.0,2.0,20.0,10.0,20.0,Neutral,3,-1.250736245334834,0.31871719164118806
727,27,Non-binary,LinkedIn,55.0,1.0,12.0,5.0,11.0,Anxiety,0,-2.6306372135860605,-0.032870014704207376
728,25,Female,Instagram,160.0,6.0,85.0,26.0,30.0,Happiness,1,3.0510432037299178,-0.12506425501539684
729,30,Male,Twitter,90.0,4.0,43.0,19.0,24.0,Anger,2,0.38893251951112906,-0.3186715051832343
730,26,Non-binary,Facebook,45.0,1.0,8.0,4.0,12.0,Sadness,0,-2.8136486398244287,-0.010982042455869971
731,34,Female,LinkedIn,65.0,2.0,17.0,5.0,14.0,Boredom,0,-2.041044148990591,-0.008034851199864815
732,28,Male,Instagram,145.0,7.0,80.0,30.0,35.0,Happiness,1,3.486631388582317,-0.4013704040086452
733,23,Non-binary,Twitter,70.0,3.0,30.0,14.0,18.0,Neutral,3,-0.8632734643705702,-0.40712011571962387
734,21,Female,Instagram,130.0,6.0,95.0,22.0,28.0,Sadness,1,2.5698934222323873,-0.3688200180351621
735,29,Male,Facebook,65.0,2.0,27.0,11.0,22.0,Anxiety,3,-1.1488175513498757,0.2611638028098639
736,24,Non-binary,LinkedIn,55.0,1.0,11.0,6.0,11.0,Boredom,0,-2.5971490193585556,-0.08196792242868728
737,33,Female,Instagram,170.0,7.0,95.0,30.0,38.0,Happiness,1,4.1894424053555355,0.05594401853217624
738,27,Male,Twitter,85.0,4.0,45.0,18.0,24.0,Anger,2,0.3149105274957438,-0.31930812345132975
739,22,Female,Instagram,115.0,3.0,60.0,17.0,30.0,Neutral,2,0.9486770777555299,0.7353043376461622
740,28,Non-binary,Facebook,100.0,2.0,22.0,12.0,25.0,Anxiety,3,-0.6239788406603438,0.77222264932195
741,31,Male,LinkedIn,45.0,1.0,9.0,4.0,10.0,Sadness,0,-2.900435322632482,-0.15292070863637308
742,25,Female,Instagram,150.0,6.0,90.0,26.0,30.0,Happiness,1,3.0215982133106776,-0.2251285916553582
743,29,Male,Twitter,95.0,4.0,50.0,22.0,22.0,Anger,2,0.6152195676952064,-0.5601536507273042
744,23,Non-binary,Facebook,105.0,2.0,25.0,12.0,18.0,Neutral,3,-0.8785946651745641,0.3250726295736292
745,35,Female,LinkedIn,60.0,1.0,15.0,7.0,14.0,Boredom,0,-2.2638904902397874,0.13008848347313623
746,30,Male,Instagram,175.0,7.0,100.0,33.0,38.0,Happiness,1,4.485308601295493,-0.04340103261312022
747,21,Female,Twitter,90.0,3.0,37.0,14.0,20.0,Sadness,3,-0.40786116978490905,-0.06862448418806226
748,26,Non-binary,Facebook,75.0,2.0,30.0,12.0,18.0,Anxiety,3,-1.1390049869540226,0.02686390183644748
749,32,Male,Instagram,130.0,5.0,80.0,28.0,31.0,Neutral,1,2.5398647020540412,-0.16315600557799392
750,28,Female,LinkedIn,55.0,1.0,12.0,6.0,10.0,Boredom,0,-2.631938593236496,-0.1530364696280739
751,Male,27,Instagram,165.0,6.0,85.0,30.0,28.0,Happiness,1,3.2075732358284568,-0.41445373897432514
752,Female,24,Twitter,75.0,3.0,33.0,18.0,19.0,Anger,3,-0.49912950032516845,-0.4844945273900135
753,Non-binary,29,Facebook,85.0,2.0,27.0,9.0,20.0,Neutral,3,-1.123237896409242,0.41616062783035146
754,Female,33,Instagram,145.0,4.0,65.0,23.0,35.0,Sadness,1,2.1774040672495127,0.8042461145534573
755,Male,31,LinkedIn,60.0,1.0,15.0,7.0,17.0,Anxiety,0,-2.1078991634494466,0.34269884041648563
756,Female,22,Whatsapp,70.0,2.0,42.0,10.0,21.0,Anxiety,3,-0.9356560309370077,0.2861496942717493
757,Male,25,Telegram,90.0,3.0,22.0,11.0,22.0,Boredom,3,-0.7140671655463215,0.2239811848764746
758,Non-binary,29,Snapchat,50.0,2.0,18.0,7.0,18.0,Sadness,0,-1.88768071817877,0.028046231297915395
759,Female,28,Twitter,95.0,4.0,48.0,22.0,25.0,Happiness,2,0.7367958243812002,-0.3471464373474141
760,Male,27,Facebook,60.0,1.0,12.0,5.0,15.0,Boredom,0,-2.364907445025551,0.3001465589945638
761,Female,30,Instagram,175.0,6.0,72.0,30.0,33.0,Happiness,1,3.359343490480876,0.04154861831738039
762,Male,23,Whatsapp,70.0,3.0,22.0,10.0,18.0,Anger,3,-1.2037166619066726,-0.2083473462024614
763,Non-binary,34,Telegram,80.0,2.0,21.0,8.0,20.0,Neutral,3,-1.3349201688420165,0.41711143530841804
764,Female,26,Snapchat,120.0,4.0,55.0,18.0,30.0,Anxiety,2,1.2031578614785445,0.4506809926728024
765,Male,25,Twitter,90.0,6.0,42.0,14.0,26.0,Sadness,2,0.6864033496490923,-0.5019616550815126
766,Non-binary,29,Facebook,60.0,1.0,12.0,4.0,12.0,Boredom,0,-2.57159450109557,0.13683253799396444
767,Male,28,Instagram,165.0,5.0,78.0,23.0,35.0,Happiness,1,2.8641487511521393,0.7139556909168985
768,Female,31,Whatsapp,65.0,2.0,27.0,10.0,20.0,Neutral,3,-1.3035074984897814,0.16871990079038113
769,Male,27,Telegram,105.0,3.0,48.0,20.0,28.0,Anxiety,2,0.6747969614281436,0.3489840349263116
770,Non-binary,22,Snapchat,75.0,2.0,21.0,8.0,20.0,Sadness,3,-1.392661501682071,0.36757533753411287
771,Female,24,Instagram,140.0,4.0,65.0,22.0,30.0,Happiness,2,1.8089814604792116,0.44965575781632006
772,Male,35,Twitter,70.0,1.0,13.0,8.0,10.0,Boredom,0,-2.340115601104802,-0.103219276408929
773,Non-binary,21,Facebook,55.0,3.0,17.0,7.0,12.0,Neutral,0,-1.927048177107421,-0.6332952044924742
774,Female,29,Whatsapp,90.0,2.0,24.0,12.0,22.0,Anger,3,-0.8610377630264464,0.46014324039344995
775,Male,25,Telegram,80.0,4.0,30.0,13.0,25.0,Neutral,3,-0.20242536859519328,-0.04851599925671429
776,Non-binary,28,Snapchat,115.0,3.0,38.0,18.0,27.0,Anxiety,2,0.4648157090970455,0.4777630655620079
777,Female,32,Instagram,155.0,6.0,75.0,25.0,38.0,Happiness,1,3.186507662529358,0.44364121718468236
778,Male,26,Twitter,75.0,2.0,23.0,12.0,18.0,Sadness,3,-1.2594577323192377,0.028252899364339116
779,Non-binary,33,Facebook,65.0,1.0,13.0,7.0,14.0,Anxiety,0,-2.2405642275040796,0.1800214376839818
780,Female,27,Whatsapp,90.0,4.0,37.0,18.0,20.0,Neutral,2,0.02700314419795384,-0.5516650758553288
781,Male,31,Telegram,50.0,2.0,20.0,10.0,12.0,Sadness,0,-2.01316111381607,-0.5454603468535744
782,Non-binary,24,Snapchat,85.0,3.0,33.0,20.0,18.0,Happiness,3,-0.33425248501581684,-0.5548851227080199
783,Female,34,Instagram,120.0,5.0,60.0,25.0,25.0,Anger,2,1.6161614939107416,-0.5355913428196479
784,Male,22,Twitter,70.0,1.0,22.0,7.0,22.0,Neutral,3,-1.6119782077535527,0.7947326333427869
785,Non-binary,29,Facebook,75.0,2.0,20.0,8.0,20.0,Boredom,3,-1.409869036734245,0.36777376575238313
786,Female,28,Whatsapp,100.0,4.0,37.0,14.0,26.0,Anxiety,2,0.2516855463400323,0.16981317735098073
787,Male,31,Telegram,85.0,3.0,45.0,20.0,28.0,Sadness,2,0.39220902491140447,0.15143492848390197
788,Non-binary,21,Snapchat,60.0,1.0,18.0,7.0,12.0,Neutral,0,-2.316262102943493,-0.012247039143907276
789,25,Female,Instagram,170.0,6.0,83.0,30.0,33.0,Happiness,1,3.4908850432147323,-0.010170189857897262
790,30,Male,Twitter,70.0,2.0,30.0,12.0,20.0,Anxiety,3,-1.0927521019338498,0.11906804202437526
791,27,Non-binary,Facebook,50.0,1.0,10.0,4.0,10.0,Boredom,0,-2.825486454740254,-0.1035830390803383
792,32,Female,Whatsapp,105.0,4.0,55.0,25.0,25.0,Anger,2,1.1248184232655594,-0.39735224715494616
793,24,Male,Telegram,75.0,3.0,37.0,16.0,22.0,Neutral,3,-0.37569949188548873,-0.17408521143424474
794,29,Female,Snapchat,95.0,2.0,23.0,10.0,28.0,Sadness,3,-0.6099127702172399,1.0336911521582244
795,26,Male,Instagram,150.0,5.0,70.0,25.0,30.0,Anxiety,1,2.3946703861233742,0.1139915565490626
796,33,Non-binary,Twitter,85.0,4.0,35.0,18.0,18.0,Boredom,3,-0.1691474766066754,-0.7425445551553262
797,22,Female,Facebook,70.0,1.0,14.0,6.0,10.0,Neutral,0,-2.424299524611985,-0.004825032741699219
798,35,Male,Whatsapp,110.0,3.0,50.0,25.0,25.0,Happiness,2,0.8644406839805951,-0.06096876039302375
799,28,Non-binary,Telegram,60.0,2.0,18.0,8.0,18.0,Anger,0,-1.721502323218983,0.07782209090377548
800,27,Female,Snapchat,120.0,4.0,40.0,18.0,22.0,Neutral,2,0.5290679642550291,-0.11330353590207594
801,25,Female,Instagram,120.0,5.0,50.0,20.0,25.0,Happiness,2,1.190607496990614,-0.287125380923195
802,30,Male,Twitter,90.0,4.0,30.0,20.0,22.0,Anger,2,0.11193607525232153,-0.5071285122507043
803,22,Non-binary,Facebook,60.0,2.0,20.0,10.0,15.0,Neutral,0,-1.7416871213456202,-0.23377779436161464
804,28,Female,Instagram,200.0,8.0,110.0,40.0,45.0,Anxiety,1,5.897021880350194,0.06745640744800155
805,33,Male,LinkedIn,45.0,1.0,10.0,5.0,12.0,Boredom,0,-2.7285378404404024,-0.06067523483516052
806,21,Male,Instagram,150.0,5.0,65.0,25.0,30.0,Happiness,1,2.3086327108625055,0.11498369764041373
807,27,Female,Twitter,85.0,3.0,40.0,18.0,20.0,Anger,3,-0.2111969803497298,-0.3159412103881785
808,24,Non-binary,Facebook,110.0,6.0,35.0,16.0,25.0,Sadness,2,0.846310285273337,-0.4718910573230172
809,29,Female,LinkedIn,55.0,2.0,15.0,5.0,10.0,Neutral,0,-2.398930320495502,-0.3901906662364004
810,31,Male,Instagram,170.0,7.0,90.0,35.0,40.0,Happiness,1,4.460877594353286,-0.047805282127990005
811,23,Female,Twitter,75.0,4.0,45.0,20.0,25.0,Anxiety,2,0.352816429305105,-0.4461028719043238
812,26,Non-binary,Facebook,95.0,3.0,30.0,14.0,18.0,Sadness,3,-0.5745668001702978,-0.15943962684809845
813,34,Male,LinkedIn,65.0,1.0,14.0,6.0,15.0,Boredom,0,-2.2220553128014706,0.2999894643895781
814,22,Female,Instagram,180.0,8.0,100.0,38.0,45.0,Happiness,1,5.3925897399088845,-0.030111029581016257
815,28,Male,Twitter,100.0,6.0,50.0,30.0,29.0,Anger,2,1.9066692910117826,-0.9806079034197165
816,21,Non-binary,Facebook,40.0,1.0,10.0,4.0,12.0,Neutral,0,-2.8369749025601356,-0.06091499666671547
817,35,Female,Instagram,125.0,5.0,65.0,22.0,28.0,Anxiety,2,1.7638446409629713,-0.12654802136509416
818,27,Male,Twitter,90.0,3.0,40.0,16.0,24.0,Sadness,3,-0.046858670348576846,0.11566803519609276
819,23,Non-binary,LinkedIn,50.0,1.0,12.0,6.0,12.0,Neutral,0,-2.585685708216323,-0.06083232944014604
820,32,Female,Instagram,140.0,6.0,75.0,28.0,30.0,Happiness,1,2.749393980407318,-0.419817035815415
821,26,Male,Facebook,75.0,2.0,30.0,14.0,20.0,Anxiety,3,-0.9336193105344388,0.07001146791318014
822,24,Female,Twitter,105.0,4.0,35.0,20.0,23.0,Anger,2,0.4231948579634671,-0.2886422410380238
823,29,Male,LinkedIn,60.0,2.0,17.0,8.0,15.0,Boredom,0,-1.8947011850614977,-0.13458983782130376
824,33,Non-binary,Instagram,190.0,8.0,105.0,36.0,50.0,Happiness,1,5.752704166941074,0.5209122916673254
825,22,Female,Twitter,70.0,3.0,25.0,16.0,15.0,Sadness,3,-1.0039110078624238,-0.7173310034571223
826,31,Male,Facebook,80.0,2.0,20.0,10.0,20.0,Neutral,3,-1.250736245334834,0.31871719164118806
827,27,Non-binary,LinkedIn,55.0,1.0,12.0,5.0,11.0,Anxiety,0,-2.6306372135860605,-0.032870014704207376
828,25,Female,Instagram,160.0,6.0,85.0,26.0,30.0,Happiness,1,3.0510432037299178,-0.12506425501539684
829,30,Male,Twitter,90.0,4.0,43.0,19.0,24.0,Anger,2,0.38893251951112906,-0.3186715051832343
830,26,Non-binary,Facebook,45.0,1.0,8.0,4.0,12.0,Sadness,0,-2.8136486398244287,-0.010982042455869971
831,34,Female,LinkedIn,65.0,2.0,17.0,5.0,14.0,Boredom,0,-2.041044148990591,-0.008034851199864815
832,28,Male,Instagram,145.0,7.0,80.0,30.0,35.0,Happiness,1,3.486631388582317,-0.4013704040086452
833,23,Non-binary,Twitter,70.0,3.0,30.0,14.0,18.0,Neutral,3,-0.8632734643705702,-0.40712011571962387
834,21,Female,Instagram,130.0,6.0,95.0,22.0,28.0,Sadness,1,2.5698934222323873,-0.3688200180351621
835,29,Male,Facebook,65.0,2.0,27.0,11.0,22.0,Anxiety,3,-1.1488175513498757,0.2611638028098639
836,24,Non-binary,LinkedIn,55.0,1.0,11.0,6.0,11.0,Boredom,0,-2.5971490193585556,-0.08196792242868728
837,33,Female,Instagram,170.0,7.0,95.0,30.0,38.0,Happiness,1,4.1894424053555355,0.05594401853217624
838,27,Male,Twitter,85.0,4.0,45.0,18.0,24.0,Anger,2,0.3149105274957438,-0.31930812345132975
839,22,Female,Instagram,115.0,3.0,60.0,17.0,30.0,Neutral,2,0.9486770777555299,0.7353043376461622
840,28,Non-binary,Facebook,100.0,2.0,22.0,12.0,25.0,Anxiety,3,-0.6239788406603438,0.77222264932195
841,31,Male,LinkedIn,45.0,1.0,9.0,4.0,10.0,Sadness,0,-2.900435322632482,-0.15292070863637308
842,25,Female,Instagram,150.0,6.0,90.0,26.0,30.0,Happiness,1,3.0215982133106776,-0.2251285916553582
843,29,Male,Twitter,95.0,4.0,50.0,22.0,22.0,Anger,2,0.6152195676952064,-0.5601536507273042
844,23,Non-binary,Facebook,105.0,2.0,25.0,12.0,18.0,Neutral,3,-0.8785946651745641,0.3250726295736292
845,35,Female,LinkedIn,60.0,1.0,15.0,7.0,14.0,Boredom,0,-2.2638904902397874,0.13008848347313623
846,30,Male,Instagram,175.0,7.0,100.0,33.0,38.0,Happiness,1,4.485308601295493,-0.04340103261312022
847,21,Female,Twitter,90.0,3.0,37.0,14.0,20.0,Sadness,3,-0.40786116978490905,-0.06862448418806226
848,26,Non-binary,Facebook,75.0,2.0,30.0,12.0,18.0,Anxiety,3,-1.1390049869540226,0.02686390183644748
849,32,Male,Instagram,130.0,5.0,80.0,28.0,31.0,Neutral,1,2.5398647020540412,-0.16315600557799392
850,28,Female,LinkedIn,55.0,1.0,12.0,6.0,10.0,Boredom,0,-2.631938593236496,-0.1530364696280739
851,27,Male,Instagram,165.0,6.0,85.0,30.0,28.0,Happiness,1,3.2075732358284568,-0.41445373897432514
852,24,Female,Twitter,75.0,3.0,33.0,18.0,19.0,Anger,3,-0.49912950032516845,-0.4844945273900135
853,29,Non-binary,Facebook,85.0,2.0,27.0,9.0,20.0,Neutral,3,-1.123237896409242,0.41616062783035146
854,33,Female,Instagram,145.0,4.0,65.0,23.0,35.0,Sadness,1,2.1774040672495127,0.8042461145534573
855,31,Male,LinkedIn,60.0,1.0,15.0,7.0,17.0,Anxiety,0,-2.1078991634494466,0.34269884041648563
856,22,Female,Whatsapp,70.0,2.0,42.0,10.0,21.0,Anxiety,3,-0.9356560309370077,0.2861496942717493
857,25,Male,Telegram,90.0,3.0,22.0,11.0,22.0,Boredom,3,-0.7140671655463215,0.2239811848764746
858,29,Non-binary,Snapchat,50.0,2.0,18.0,7.0,18.0,Sadness,0,-1.88768071817877,0.028046231297915395
859,28,Female,Twitter,95.0,4.0,48.0,22.0,25.0,Happiness,2,0.7367958243812002,-0.3471464373474141
860,27,Male,Facebook,60.0,1.0,12.0,5.0,15.0,Boredom,0,-2.364907445025551,0.3001465589945638
861,30,Female,Instagram,175.0,6.0,72.0,30.0,33.0,Happiness,1,3.359343490480876,0.04154861831738039
862,23,Male,Whatsapp,70.0,3.0,22.0,10.0,18.0,Anger,3,-1.2037166619066726,-0.2083473462024614
863,34,Non-binary,Telegram,80.0,2.0,21.0,8.0,20.0,Neutral,3,-1.3349201688420165,0.41711143530841804
864,26,Female,Snapchat,120.0,4.0,55.0,18.0,30.0,Anxiety,2,1.2031578614785445,0.4506809926728024
865,25,Male,Twitter,90.0,6.0,42.0,14.0,26.0,Sadness,2,0.6864033496490923,-0.5019616550815126
866,29,Non-binary,Facebook,60.0,1.0,12.0,4.0,12.0,Boredom,0,-2.57159450109557,0.13683253799396444
867,28,Male,Instagram,165.0,5.0,78.0,23.0,35.0,Happiness,1,2.8641487511521393,0.7139556909168985
868,31,Female,Whatsapp,65.0,2.0,27.0,10.0,20.0,Neutral,3,-1.3035074984897814,0.16871990079038113
869,27,Male,Telegram,105.0,3.0,48.0,20.0,28.0,Anxiety,2,0.6747969614281436,0.3489840349263116
870,22,Non-binary,Snapchat,75.0,2.0,21.0,8.0,20.0,Sadness,3,-1.392661501682071,0.36757533753411287
871,24,Female,Instagram,140.0,4.0,65.0,22.0,30.0,Happiness,2,1.8089814604792116,0.44965575781632006
872,35,Male,Twitter,70.0,1.0,13.0,8.0,10.0,Boredom,0,-2.340115601104802,-0.103219276408929
873,21,Non-binary,Facebook,55.0,3.0,17.0,7.0,12.0,Neutral,0,-1.927048177107421,-0.6332952044924742
874,29,Female,Whatsapp,90.0,2.0,24.0,12.0,22.0,Anger,3,-0.8610377630264464,0.46014324039344995
875,25,Male,Telegram,80.0,4.0,30.0,13.0,25.0,Neutral,3,-0.20242536859519328,-0.04851599925671429
876,28,Non-binary,Snapchat,115.0,3.0,38.0,18.0,27.0,Anxiety,2,0.4648157090970455,0.4777630655620079
877,32,Female,Instagram,155.0,6.0,75.0,25.0,38.0,Happiness,1,3.186507662529358,0.44364121718468236
878,26,Male,Twitter,75.0,2.0,23.0,12.0,18.0,Sadness,3,-1.2594577323192377,0.028252899364339116
879,33,Non-binary,Facebook,65.0,1.0,13.0,7.0,14.0,Anxiety,0,-2.2405642275040796,0.1800214376839818
880,27,Female,Whatsapp,90.0,4.0,37.0,18.0,20.0,Neutral,2,0.02700314419795384,-0.5516650758553288
881,31,Male,Telegram,50.0,2.0,20.0,10.0,12.0,Sadness,0,-2.01316111381607,-0.5454603468535744
882,24,Non-binary,Snapchat,85.0,3.0,33.0,20.0,18.0,Happiness,3,-0.33425248501581684,-0.5548851227080199
883,34,Female,Instagram,120.0,5.0,60.0,25.0,25.0,Anger,2,1.6161614939107416,-0.5355913428196479
884,22,Male,Twitter,70.0,1.0,22.0,7.0,22.0,Neutral,3,-1.6119782077535527,0.7947326333427869
885,29,Non-binary,Facebook,75.0,2.0,20.0,8.0,20.0,Boredom,3,-1.409869036734245,0.36777376575238313
886,28,Female,Whatsapp,100.0,4.0,37.0,14.0,26.0,Anxiety,2,0.2516855463400323,0.16981317735098073
887,31,Male,Telegram,85.0,3.0,45.0,20.0,28.0,Sadness,2,0.39220902491140447,0.15143492848390197
888,21,Non-binary,Snapchat,60.0,1.0,18.0,7.0,12.0,Neutral,0,-2.316262102943493,-0.012247039143907276
889,25,Female,Instagram,170.0,6.0,83.0,30.0,33.0,Happiness,1,3.4908850432147323,-0.010170189857897262
890,30,Male,Twitter,70.0,2.0,30.0,12.0,20.0,Anxiety,3,-1.0927521019338498,0.11906804202437526
891,27,Non-binary,Facebook,50.0,1.0,10.0,4.0,10.0,Boredom,0,-2.825486454740254,-0.1035830390803383
892,32,Female,Whatsapp,105.0,4.0,55.0,25.0,25.0,Anger,2,1.1248184232655594,-0.39735224715494616
893,24,Male,Telegram,75.0,3.0,37.0,16.0,22.0,Neutral,3,-0.37569949188548873,-0.17408521143424474
894,29,Female,Snapchat,95.0,2.0,23.0,10.0,28.0,Sadness,3,-0.6099127702172399,1.0336911521582244
895,26,Male,Instagram,150.0,5.0,70.0,25.0,30.0,Anxiety,1,2.3946703861233742,0.1139915565490626
896,33,Non-binary,Twitter,85.0,4.0,35.0,18.0,18.0,Boredom,3,-0.1691474766066754,-0.7425445551553262
897,22,Female,Facebook,70.0,1.0,14.0,6.0,10.0,Neutral,0,-2.424299524611985,-0.004825032741699219
898,35,Male,Whatsapp,110.0,3.0,50.0,25.0,25.0,Happiness,2,0.8644406839805951,-0.06096876039302375
899,28,Non-binary,Telegram,60.0,2.0,18.0,8.0,18.0,Anger,0,-1.721502323218983,0.07782209090377548
900,27,Female,Snapchat,120.0,4.0,40.0,18.0,22.0,Neutral,2,0.5290679642550291,-0.11330353590207594
901,25,Female,Instagram,120.0,5.0,50.0,20.0,25.0,Happiness,2,1.190607496990614,-0.287125380923195
902,30,Male,Twitter,90.0,4.0,30.0,20.0,22.0,Anger,2,0.11193607525232153,-0.5071285122507043
903,22,Non-binary,Facebook,60.0,2.0,20.0,10.0,15.0,Neutral,0,-1.7416871213456202,-0.23377779436161464
904,28,Female,Instagram,200.0,8.0,110.0,40.0,45.0,Anxiety,1,5.897021880350194,0.06745640744800155
905,33,Male,LinkedIn,45.0,1.0,10.0,5.0,12.0,Boredom,0,-2.7285378404404024,-0.06067523483516052
906,21,Male,Instagram,150.0,5.0,65.0,25.0,30.0,Happiness,1,2.3086327108625055,0.11498369764041373
907,27,Female,Twitter,85.0,3.0,40.0,18.0,20.0,Anger,3,-0.2111969803497298,-0.3159412103881785
908,24,Non-binary,Facebook,110.0,6.0,35.0,16.0,25.0,Sadness,2,0.846310285273337,-0.4718910573230172
909,29,Female,LinkedIn,55.0,2.0,15.0,5.0,10.0,Neutral,0,-2.398930320495502,-0.3901906662364004
910,31,Male,Instagram,170.0,7.0,90.0,35.0,40.0,Happiness,1,4.460877594353286,-0.047805282127990005
911,23,Female,Twitter,75.0,4.0,45.0,20.0,25.0,Anxiety,2,0.352816429305105,-0.4461028719043238
912,26,Non-binary,Facebook,95.0,3.0,30.0,14.0,18.0,Sadness,3,-0.5745668001702978,-0.15943962684809845
913,34,Male,LinkedIn,65.0,1.0,14.0,6.0,15.0,Boredom,0,-2.2220553128014706,0.2999894643895781
914,22,Female,Instagram,180.0,8.0,100.0,38.0,45.0,Happiness,1,5.3925897399088845,-0.030111029581016257
915,28,Male,Twitter,100.0,6.0,50.0,30.0,29.0,Anger,2,1.9066692910117826,-0.9806079034197165
916,21,Non-binary,Facebook,40.0,1.0,10.0,4.0,12.0,Neutral,0,-2.8369749025601356,-0.06091499666671547
917,35,Female,Instagram,125.0,5.0,65.0,22.0,28.0,Anxiety,2,1.7638446409629713,-0.12654802136509416
918,27,Male,Twitter,90.0,3.0,40.0,16.0,24.0,Sadness,3,-0.046858670348576846,0.11566803519609276
919,23,Non-binary,LinkedIn,50.0,1.0,12.0,6.0,12.0,Neutral,0,-2.585685708216323,-0.06083232944014604
920,32,Female,Instagram,140.0,6.0,75.0,28.0,30.0,Happiness,1,2.749393980407318,-0.419817035815415
921,26,Male,Facebook,75.0,2.0,30.0,14.0,20.0,Anxiety,3,-0.9336193105344388,0.07001146791318014
922,24,Female,Twitter,105.0,4.0,35.0,20.0,23.0,Anger,2,0.4231948579634671,-0.2886422410380238
923,29,Male,LinkedIn,60.0,2.0,17.0,8.0,15.0,Boredom,0,-1.8947011850614977,-0.13458983782130376
924,33,Non-binary,Instagram,190.0,8.0,105.0,36.0,50.0,Happiness,1,5.752704166941074,0.5209122916673254
925,22,Female,Twitter,70.0,3.0,25.0,16.0,15.0,Sadness,3,-1.0039110078624238,-0.7173310034571223
926,31,Male,Facebook,80.0,2.0,20.0,10.0,20.0,Neutral,3,-1.250736245334834,0.31871719164118806
927,27,Non-binary,LinkedIn,55.0,1.0,12.0,5.0,11.0,Anxiety,0,-2.6306372135860605,-0.032870014704207376
928,25,Female,Instagram,160.0,6.0,85.0,26.0,30.0,Happiness,1,3.0510432037299178,-0.12506425501539684
929,30,Male,Twitter,90.0,4.0,43.0,19.0,24.0,Anger,2,0.38893251951112906,-0.3186715051832343
930,26,Non-binary,Facebook,45.0,1.0,8.0,4.0,12.0,Sadness,0,-2.8136486398244287,-0.010982042455869971
931,34,Female,LinkedIn,65.0,2.0,17.0,5.0,14.0,Boredom,0,-2.041044148990591,-0.008034851199864815
932,28,Male,Instagram,145.0,7.0,80.0,30.0,35.0,Happiness,1,3.486631388582317,-0.4013704040086452
933,23,Non-binary,Twitter,70.0,3.0,30.0,14.0,18.0,Neutral,3,-0.8632734643705702,-0.40712011571962387
934,21,Female,Instagram,130.0,6.0,95.0,22.0,28.0,Sadness,1,2.5698934222323873,-0.3688200180351621
935,29,Male,Facebook,65.0,2.0,27.0,11.0,22.0,Anxiety,3,-1.1488175513498757,0.2611638028098639
936,24,Non-binary,LinkedIn,55.0,1.0,11.0,6.0,11.0,Boredom,0,-2.5971490193585556,-0.08196792242868728
937,33,Female,Instagram,170.0,7.0,95.0,30.0,38.0,Happiness,1,4.1894424053555355,0.05594401853217624
938,27,Male,Twitter,85.0,4.0,45.0,18.0,24.0,Anger,2,0.3149105274957438,-0.31930812345132975
939,22,Female,Instagram,115.0,3.0,60.0,17.0,30.0,Neutral,2,0.9486770777555299,0.7353043376461622
940,28,Non-binary,Facebook,100.0,2.0,22.0,12.0,25.0,Anxiety,3,-0.6239788406603438,0.77222264932195
941,31,Male,LinkedIn,45.0,1.0,9.0,4.0,10.0,Sadness,0,-2.900435322632482,-0.15292070863637308
942,25,Female,Instagram,150.0,6.0,90.0,26.0,30.0,Happiness,1,3.0215982133106776,-0.2251285916553582
943,29,Male,Twitter,95.0,4.0,50.0,22.0,22.0,Anger,2,0.6152195676952064,-0.5601536507273042
944,23,Non-binary,Facebook,105.0,2.0,25.0,12.0,18.0,Neutral,3,-0.8785946651745641,0.3250726295736292
945,35,Female,LinkedIn,60.0,1.0,15.0,7.0,14.0,Boredom,0,-2.2638904902397874,0.13008848347313623
946,30,Male,Instagram,175.0,7.0,100.0,33.0,38.0,Happiness,1,4.485308601295493,-0.04340103261312022
947,21,Female,Twitter,90.0,3.0,37.0,14.0,20.0,Sadness,3,-0.40786116978490905,-0.06862448418806226
948,26,Non-binary,Facebook,75.0,2.0,30.0,12.0,18.0,Anxiety,3,-1.1390049869540226,0.02686390183644748
949,32,Male,Instagram,130.0,5.0,80.0,28.0,31.0,Neutral,1,2.5398647020540412,-0.16315600557799392
950,28,Female,LinkedIn,55.0,1.0,12.0,6.0,10.0,Boredom,0,-2.631938593236496,-0.1530364696280739
951,27,Male,Instagram,165.0,6.0,85.0,30.0,28.0,Happiness,1,3.2075732358284568,-0.41445373897432514
952,24,Female,Twitter,75.0,3.0,33.0,18.0,19.0,Anger,3,-0.49912950032516845,-0.4844945273900135
953,29,Non-binary,Facebook,85.0,2.0,27.0,9.0,20.0,Neutral,3,-1.123237896409242,0.41616062783035146
954,33,Female,Instagram,145.0,4.0,65.0,23.0,35.0,Sadness,1,2.1774040672495127,0.8042461145534573
955,31,Male,LinkedIn,60.0,1.0,15.0,7.0,17.0,Anxiety,0,-2.1078991634494466,0.34269884041648563
956,22,Female,Whatsapp,70.0,2.0,42.0,10.0,21.0,Anxiety,3,-0.9356560309370077,0.2861496942717493
957,25,Male,Telegram,90.0,3.0,22.0,11.0,22.0,Boredom,3,-0.7140671655463215,0.2239811848764746
958,29,Non-binary,Snapchat,50.0,2.0,18.0,7.0,18.0,Sadness,0,-1.88768071817877,0.028046231297915395
959,28,Female,Twitter,95.0,4.0,48.0,22.0,25.0,Happiness,2,0.7367958243812002,-0.3471464373474141
960,27,Male,Facebook,60.0,1.0,12.0,5.0,15.0,Boredom,0,-2.364907445025551,0.3001465589945638
961,30,Female,Instagram,175.0,6.0,72.0,30.0,33.0,Happiness,1,3.359343490480876,0.04154861831738039
962,23,Male,Whatsapp,70.0,3.0,22.0,10.0,18.0,Anger,3,-1.2037166619066726,-0.2083473462024614
963,34,Non-binary,Telegram,80.0,2.0,21.0,8.0,20.0,Neutral,3,-1.3349201688420165,0.41711143530841804
964,26,Female,Snapchat,120.0,4.0,55.0,18.0,30.0,Anxiety,2,1.2031578614785445,0.4506809926728024
965,25,Male,Twitter,90.0,6.0,42.0,14.0,26.0,Sadness,2,0.6864033496490923,-0.5019616550815126
966,29,Non-binary,Facebook,60.0,1.0,12.0,4.0,12.0,Boredom,0,-2.57159450109557,0.13683253799396444
967,28,Male,Instagram,165.0,5.0,78.0,23.0,35.0,Happiness,1,2.8641487511521393,0.7139556909168985
968,31,Female,Whatsapp,65.0,2.0,27.0,10.0,20.0,Neutral,3,-1.3035074984897814,0.16871990079038113
969,27,Male,Telegram,105.0,3.0,48.0,20.0,28.0,Anxiety,2,0.6747969614281436,0.3489840349263116
970,22,Non-binary,Snapchat,75.0,2.0,21.0,8.0,20.0,Sadness,3,-1.392661501682071,0.36757533753411287
971,24,Female,Instagram,140.0,4.0,65.0,22.0,30.0,Happiness,2,1.8089814604792116,0.44965575781632006
972,35,Male,Twitter,70.0,1.0,13.0,8.0,10.0,Boredom,0,-2.340115601104802,-0.103219276408929
973,21,Non-binary,Facebook,55.0,3.0,17.0,7.0,12.0,Neutral,0,-1.927048177107421,-0.6332952044924742
974,29,Female,Whatsapp,90.0,2.0,24.0,12.0,22.0,Anger,3,-0.8610377630264464,0.46014324039344995
975,25,Male,Telegram,80.0,4.0,30.0,13.0,25.0,Neutral,3,-0.20242536859519328,-0.04851599925671429
976,28,Non-binary,Snapchat,115.0,3.0,38.0,18.0,27.0,Anxiety,2,0.4648157090970455,0.4777630655620079
977,32,Female,Instagram,155.0,6.0,75.0,25.0,38.0,Happiness,1,3.186507662529358,0.44364121718468236
978,26,Male,Twitter,75.0,2.0,23.0,12.0,18.0,Sadness,3,-1.2594577323192377,0.028252899364339116
979,33,Non-binary,Facebook,65.0,1.0,13.0,7.0,14.0,Anxiety,0,-2.2405642275040796,0.1800214376839818
980,27,Female,Whatsapp,90.0,4.0,37.0,18.0,20.0,Neutral,2,0.02700314419795384,-0.5516650758553288
981,31,Male,Telegram,50.0,2.0,20.0,10.0,12.0,Sadness,0,-2.01316111381607,-0.5454603468535744
982,24,Non-binary,Snapchat,85.0,3.0,33.0,20.0,18.0,Happiness,3,-0.33425248501581684,-0.5548851227080199
983,34,Female,Instagram,120.0,5.0,60.0,25.0,25.0,Anger,2,1.6161614939107416,-0.5355913428196479
984,22,Male,Twitter,70.0,1.0,22.0,7.0,22.0,Neutral,3,-1.6119782077535527,0.7947326333427869
985,29,Non-binary,Facebook,75.0,2.0,20.0,8.0,20.0,Boredom,3,-1.409869036734245,0.36777376575238313
986,28,Female,Whatsapp,100.0,4.0,37.0,14.0,26.0,Anxiety,2,0.2516855463400323,0.16981317735098073
987,31,Male,Telegram,85.0,3.0,45.0,20.0,28.0,Sadness,2,0.39220902491140447,0.15143492848390197
988,21,Non-binary,Snapchat,60.0,1.0,18.0,7.0,12.0,Neutral,0,-2.316262102943493,-0.012247039143907276
989,25,Female,Instagram,170.0,6.0,83.0,30.0,33.0,Happiness,1,3.4908850432147323,-0.010170189857897262
990,30,Male,Twitter,70.0,2.0,30.0,12.0,20.0,Anxiety,3,-1.0927521019338498,0.11906804202437526
991,27,Non-binary,Facebook,50.0,1.0,10.0,4.0,10.0,Boredom,0,-2.825486454740254,-0.1035830390803383
992,32,Female,Whatsapp,105.0,4.0,55.0,25.0,25.0,Anger,2,1.1248184232655594,-0.39735224715494616
993,24,Male,Telegram,75.0,3.0,37.0,16.0,22.0,Neutral,3,-0.37569949188548873,-0.17408521143424474
994,29,Female,Snapchat,95.0,2.0,23.0,10.0,28.0,Sadness,3,-0.6099127702172399,1.0336911521582244
995,26,Male,Instagram,150.0,5.0,70.0,25.0,30.0,Anxiety,1,2.3946703861233742,0.1139915565490626
996,33,Non-binary,Twitter,85.0,4.0,35.0,18.0,18.0,Boredom,3,-0.1691474766066754,-0.7425445551553262
997,22,Female,Facebook,70.0,1.0,14.0,6.0,10.0,Neutral,0,-2.424299524611985,-0.004825032741699219
998,35,Male,Whatsapp,110.0,3.0,50.0,25.0,25.0,Happiness,2,0.8644406839805951,-0.06096876039302375
999,28,Non-binary,Telegram,60.0,2.0,18.0,8.0,18.0,Anger,0,-1.721502323218983,0.07782209090377548
1000,27,Female,Snapchat,120.0,4.0,40.0,18.0,22.0,Neutral,2,0.5290679642550291,-0.11330353590207594
